date,recycle #1 Plastic,recycle #2 Plastic,recycle #4 Plastic,recycle #5 Plastic,recycle #6 Plastic,recycle #7 Plastic,recycle Acids,recycle Aerosol Cans - Full,recycle Alkaline Batteries,recycle Aluminum Foil,recycle Antifreeze,recycle Asphalt,recycle Auto Parts,recycle Branches,recycle Brick,recycle Brush,recycle CD Cases,recycle CDs,recycle Cables,recycle Candy Wrappers,recycle Car Batteries,recycle Carpet,recycle Cassette Tapes,recycle Cell Phones,recycle Chip Bags,recycle Christmas Trees,recycle Cigarettes,recycle Clothing,recycle Concrete,recycle Construction Materials,recycle Cooking Oil,recycle Cookware,recycle Corks,recycle Corrugated Cardboard,recycle Crayons,recycle DVDs,recycle Desktop Computers,recycle Dirt,recycle Doors,recycle Envelopes,recycle Eyeglasses,recycle Fabric,recycle Fire Extinguishers,recycle Floppy Disks,recycle Fluorescent Tubes,recycle Gasoline,recycle Gift Bags,recycle Hair,recycle Halogen Bulbs,recycle Hard Drives,recycle Hardware,recycle Heaters,recycle Inkjet Cartridges,recycle Laptop Computers,recycle Latex Paint,recycle Leaves,recycle Lithium Batteries,recycle Lumber,recycle Magazines,recycle Manure,recycle Mattresses,recycle Medications,recycle Microwaves,recycle Mixed Paper,recycle Motor Oil,recycle Nail Polish,recycle Newspaper,recycle Office Furniture,recycle Office Paper,recycle Oil Filters,recycle Pallets,recycle Paper Cups,recycle Paperback Books,recycle Paperboard,recycle Phone Books,recycle Pizza Boxes,recycle Plastic Cards,recycle Plastic Furniture,recycle Printers,recycle Propane Tanks,recycle Refrigerators,recycle Sand,recycle Shoes,recycle Small Appliances,recycle Smoke Detectors,recycle Steel Cans,recycle Stone,recycle Tablets,recycle Tennis Balls,recycle Tile,recycle Tires,recycle Toner Cartridges,recycle Tools,recycle Toothbrushes,recycle Toothpaste Tubes,recycle Toys,recycle Transmission Fluid,recycle Trophies,recycle Vehicles,recycle Video Tapes,recycle Water Filters,recycle Windows,recycle Wood,recycle Yard Waste
2015-01-25,0,34,0,52,58,39,0,30,30,20,45,25,50,0,27,18,18,39,24,0,21,55,12,48,5,4,4,23,31,23,15,0,0,15,0,32,21,0,35,20,20,27,17,0,23,37,0,56,19,31,62,0,31,40,25,25,21,31,91,0,17,26,32,0,28,0,43,0,0,40,18,36,41,0,13,20,0,48,34,14,22,32,24,9,9,19,19,0,0,18,42,58,25,19,0,33,17,17,0,0,1,77,28,24
2015-02-01,0,0,69,35,78,39,39,41,41,20,36,25,30,18,0,18,12,43,60,24,35,90,18,52,4,4,7,47,39,0,62,0,31,0,58,19,0,0,21,20,13,33,17,0,35,0,0,73,19,19,28,38,0,0,25,25,32,32,34,17,34,0,32,0,17,16,65,30,40,27,30,36,42,42,13,20,0,48,43,14,0,0,60,9,9,19,57,47,9,12,37,67,13,0,0,25,34,17,35,69,1,68,68,0
2015-02-08,0,0,0,69,0,0,0,20,47,0,27,42,40,0,25,18,0,39,0,0,21,49,12,48,0,0,0,32,27,23,31,0,16,0,19,19,0,21,0,40,40,27,17,17,17,0,0,76,19,19,31,38,32,41,0,50,21,21,40,0,17,0,0,0,26,16,38,0,54,27,36,18,83,0,0,0,48,0,39,29,22,43,21,14,0,0,19,23,0,18,33,46,12,12,0,39,17,0,0,34,1,62,58,49
2015-02-15,35,0,0,0,80,80,0,0,31,20,37,77,41,0,37,19,18,52,48,0,42,35,12,61,4,4,4,33,47,0,40,0,16,0,39,26,21,21,22,20,14,20,18,18,35,0,0,29,19,25,32,57,0,0,34,0,29,21,47,0,18,26,66,0,17,25,49,31,41,0,18,18,42,0,13,27,49,49,29,15,0,33,55,18,18,19,26,24,0,12,37,89,21,0,0,62,0,25,35,35,1,71,50,0
2015-02-22,0,0,0,0,38,0,0,20,40,60,27,25,40,0,28,18,12,67,24,24,28,62,18,64,3,0,0,44,31,0,23,0,15,0,38,29,0,0,42,40,27,26,0,0,29,0,0,67,0,19,50,37,0,40,0,25,21,21,51,0,23,26,64,0,17,16,53,30,53,27,36,0,0,41,26,20,0,48,48,58,22,43,45,9,18,0,19,23,0,0,21,66,12,0,0,50,17,0,35,34,1,66,56,25
2015-03-01,0,0,35,34,39,39,39,20,53,30,18,25,20,18,27,0,12,27,32,0,21,27,12,56,0,0,4,26,54,12,23,0,31,0,19,28,42,35,21,20,20,53,17,17,29,0,0,56,25,31,74,37,31,40,0,50,21,41,34,0,17,0,64,0,28,32,48,30,27,26,36,18,0,0,13,26,0,0,67,14,21,0,36,9,9,0,37,35,0,12,51,33,29,0,0,58,17,50,0,52,1,70,67,24
2015-03-08,0,0,0,0,38,0,0,20,47,33,36,49,69,18,18,0,23,54,24,24,34,41,12,55,0,3,3,43,34,23,15,0,0,0,19,38,21,21,31,40,20,31,34,34,43,25,25,50,0,18,25,0,0,0,25,25,21,42,51,0,17,0,80,0,34,16,69,29,26,26,27,18,0,0,19,19,48,0,52,14,43,21,41,9,9,0,19,23,0,18,48,57,31,0,25,33,0,0,51,34,2,80,64,49
2015-03-15,34,0,51,46,38,0,38,30,20,20,18,49,59,0,27,0,12,39,24,0,31,51,12,51,0,0,0,55,34,0,46,15,15,15,19,19,0,21,42,20,13,26,17,0,17,0,0,55,18,0,37,61,0,40,37,62,21,41,45,0,23,0,63,32,17,0,42,0,40,0,44,35,0,0,13,26,0,47,52,33,21,35,21,9,9,0,37,23,0,9,45,61,25,12,12,66,0,25,0,0,1,64,57,24
2015-03-22,0,0,37,37,0,42,0,22,43,22,29,0,32,20,0,29,13,29,38,26,44,22,0,81,4,0,4,25,46,0,33,0,17,0,21,34,0,23,23,29,21,28,19,37,37,0,27,48,0,20,80,40,0,0,27,27,22,45,46,18,0,28,34,0,49,17,69,32,29,0,77,0,0,0,14,28,51,51,36,23,23,23,42,13,10,20,20,62,0,16,62,73,13,0,13,36,0,18,0,0,2,72,62,35
2015-03-29,0,0,0,72,0,40,40,21,31,21,38,26,42,19,44,19,24,65,37,0,21,79,12,37,4,0,0,60,64,0,32,0,32,0,40,0,22,22,33,42,21,48,0,18,48,0,0,46,19,0,45,38,0,42,0,43,22,22,71,0,89,0,0,0,53,0,72,31,0,55,46,0,0,0,0,55,0,0,35,22,22,45,37,18,9,19,26,24,0,9,75,64,39,0,0,34,34,17,0,36,2,72,77,68
2015-04-05,0,0,35,0,0,0,0,42,20,34,18,34,30,0,25,0,12,48,24,0,86,70,25,97,0,0,4,50,47,12,0,0,0,0,20,29,0,21,21,41,14,36,0,36,79,26,0,74,0,0,47,57,31,0,25,25,21,32,43,17,35,26,32,32,35,17,27,31,54,0,42,0,0,0,13,26,0,0,24,15,33,32,52,9,9,19,32,35,0,37,68,72,64,0,13,59,0,17,0,35,1,68,64,51
2015-04-12,35,0,35,69,39,0,39,30,20,30,18,25,40,0,18,28,24,43,36,0,35,35,12,56,3,0,0,73,58,0,47,0,16,0,19,38,21,21,28,0,27,44,0,0,35,0,50,56,19,37,19,37,63,40,0,50,31,21,63,17,34,26,32,0,43,16,54,59,0,36,54,36,42,0,13,26,48,48,38,14,0,43,39,21,9,19,38,23,0,9,67,54,29,12,12,50,0,17,34,35,1,70,100,25
2015-04-19,0,0,0,35,39,0,39,30,47,60,27,25,50,46,18,37,23,43,48,0,41,48,24,52,3,0,3,29,31,0,15,0,23,0,38,19,21,28,32,20,18,49,17,17,87,25,0,45,0,0,50,37,63,0,50,42,42,21,63,17,17,26,0,0,68,16,75,0,27,0,42,36,0,41,13,20,48,48,62,29,32,64,60,9,9,19,38,0,0,9,82,29,25,0,25,28,0,17,34,34,2,70,88,57
2015-04-26,35,0,0,0,39,0,0,61,51,51,28,59,61,19,0,19,28,48,24,24,49,35,12,65,4,4,0,50,55,12,24,0,0,0,19,0,0,21,43,20,54,27,0,27,41,25,0,40,28,19,32,38,32,0,0,25,21,21,35,0,35,26,33,33,40,16,81,30,41,27,48,36,42,42,13,40,49,49,54,44,22,44,46,9,0,38,38,0,0,31,80,55,25,0,13,42,0,34,0,53,0,67,66,50
2015-05-03,0,35,0,35,0,39,0,40,20,34,18,25,61,19,56,74,24,40,24,24,0,49,16,28,4,0,0,53,51,0,31,0,0,0,39,39,0,21,57,20,36,27,0,0,35,0,25,51,19,28,38,75,0,41,25,25,42,42,52,0,29,0,33,0,43,16,92,60,41,54,84,18,0,42,13,13,0,0,66,15,0,22,55,9,9,19,19,23,9,12,61,54,25,13,0,62,17,17,35,0,1,61,82,100
2015-05-10,0,0,0,0,0,0,39,41,30,34,18,38,0,28,18,37,18,71,36,24,49,63,18,80,4,0,0,38,62,12,55,0,0,0,19,29,0,28,42,20,33,36,26,17,26,75,0,56,37,37,37,0,0,61,38,42,32,21,57,0,17,26,32,0,29,24,91,30,27,0,48,0,0,0,0,13,0,0,43,29,22,32,66,9,9,25,47,23,0,14,58,71,21,12,0,28,0,17,0,35,0,60,89,33
2015-05-17,0,0,0,0,0,0,0,27,40,20,27,37,40,27,18,27,29,66,36,0,34,62,18,88,3,0,0,32,50,0,46,15,0,15,58,38,0,42,42,40,26,22,17,26,46,62,25,50,0,19,43,74,0,0,25,49,35,0,60,17,17,51,64,0,60,0,74,29,27,26,35,36,0,41,0,13,0,0,21,29,86,43,57,9,13,0,56,23,9,15,84,54,19,12,12,28,17,33,34,34,0,73,65,86
2015-05-24,0,0,0,34,0,0,0,20,27,40,18,25,50,18,0,0,23,43,24,0,62,82,24,32,3,0,0,35,23,0,46,0,15,15,0,44,0,63,35,70,35,40,17,51,75,0,0,67,19,0,28,74,0,0,37,50,21,21,74,0,34,0,32,32,39,0,58,30,27,27,24,54,0,0,0,33,0,48,48,52,22,43,59,9,0,0,44,0,9,9,48,33,33,0,0,16,33,58,0,69,2,65,72,24
2015-05-31,0,0,0,35,59,0,39,20,20,20,0,75,40,19,19,19,24,59,24,0,42,63,18,69,0,0,0,32,55,12,55,0,31,0,0,58,42,32,43,30,20,27,0,18,41,25,25,43,19,19,63,38,0,41,42,76,0,35,35,0,34,0,33,0,40,0,59,30,27,27,42,0,0,0,0,13,0,49,58,29,22,36,72,9,0,0,19,23,0,9,70,67,31,12,0,45,17,17,35,35,1,73,70,75
2015-06-07,0,0,0,34,39,0,0,20,50,30,18,25,30,18,92,18,24,51,48,0,35,55,12,56,5,0,0,47,42,12,16,0,0,0,19,29,21,64,42,20,27,40,17,17,46,100,0,62,0,28,84,0,0,41,0,50,31,28,34,17,43,26,32,0,51,0,48,30,27,0,95,18,0,0,13,0,0,48,34,29,43,32,27,18,27,19,47,70,9,15,58,66,33,0,0,50,17,0,69,35,1,67,86,74
2015-06-14,35,35,0,35,0,0,0,34,34,20,18,25,60,18,18,27,16,47,24,24,42,35,12,68,4,0,4,44,35,0,16,15,23,0,0,29,0,21,53,20,27,27,17,17,46,0,0,45,0,19,25,37,31,0,25,25,32,32,46,17,17,26,43,32,26,21,54,59,27,27,63,27,42,0,0,53,48,0,62,24,29,43,51,22,13,19,38,23,9,14,36,46,21,0,0,25,0,22,35,34,2,74,65,73
2015-06-21,0,34,0,0,0,0,0,30,50,20,27,25,30,18,28,37,12,35,24,0,62,35,24,76,4,0,4,41,66,0,31,0,0,16,19,19,21,42,42,20,13,40,17,0,26,37,0,56,19,37,44,0,63,41,63,50,21,21,69,34,17,52,0,0,57,24,54,30,0,40,42,27,0,0,0,26,48,0,43,65,29,22,30,9,0,19,38,0,0,15,67,46,33,12,12,50,0,25,0,34,1,74,61,24
2015-06-28,35,35,35,35,39,0,0,0,48,21,46,25,61,0,19,37,20,72,49,24,32,28,24,61,0,0,0,39,55,0,16,16,16,0,20,39,21,0,21,41,14,27,18,18,36,51,0,57,0,19,70,38,0,0,25,25,32,22,46,0,26,26,33,32,53,0,71,0,28,0,30,36,43,0,0,47,0,49,44,54,100,29,61,9,0,19,48,24,28,14,56,30,21,0,0,40,0,17,35,69,1,66,54,58
2015-07-05,0,0,0,0,0,0,0,61,40,30,54,100,60,18,31,31,12,43,24,24,31,42,28,72,0,0,0,35,35,12,47,0,0,47,19,19,0,21,35,20,13,31,18,35,41,37,0,50,19,19,37,0,31,0,25,38,42,28,40,0,34,26,97,0,60,32,32,0,40,27,42,18,0,42,0,20,48,96,48,22,43,86,30,12,0,0,38,0,9,15,58,71,37,0,0,39,0,17,35,35,1,75,56,49
2015-07-12,0,0,0,35,40,0,0,20,27,41,64,25,41,19,19,37,12,60,24,0,28,63,24,69,4,0,0,50,47,12,24,0,0,16,0,52,0,43,32,31,13,45,0,18,53,25,25,34,38,19,44,38,0,42,38,25,0,21,58,0,17,79,65,0,29,0,49,0,27,27,61,0,42,0,20,0,0,0,39,34,33,0,52,9,9,19,51,0,19,14,52,72,13,25,13,39,0,0,0,35,1,72,90,25
2015-07-19,0,35,0,53,0,40,39,20,21,21,28,25,30,0,56,28,30,100,61,0,53,56,12,69,4,0,0,39,63,12,63,0,0,16,20,49,0,22,22,41,20,45,18,0,44,25,0,40,19,19,51,38,32,41,25,38,22,43,29,18,23,39,49,0,35,0,60,31,55,0,43,18,0,42,13,20,0,98,68,0,29,51,43,12,0,0,32,24,18,9,34,55,25,13,0,34,0,28,0,70,2,66,45,50
2015-07-26,34,35,35,34,0,0,39,20,40,40,18,25,80,18,27,18,18,63,24,24,21,62,24,64,0,0,3,44,81,12,23,15,0,0,29,19,0,21,74,60,33,53,17,35,52,0,0,28,37,28,93,56,31,41,50,25,42,31,46,17,34,26,64,0,28,32,56,30,0,0,36,18,0,0,13,33,0,0,38,14,58,32,30,9,9,0,50,0,18,27,88,54,12,0,0,44,17,17,35,34,2,100,74,49
2015-08-02,0,0,0,0,0,0,0,20,51,20,0,25,30,18,18,19,12,59,0,0,42,35,20,52,4,0,0,38,43,23,39,0,16,0,19,19,0,43,28,61,13,13,0,17,23,25,0,34,19,19,31,38,31,0,50,25,21,21,57,0,69,0,32,0,63,16,43,30,54,27,36,18,0,42,13,0,0,48,39,19,0,43,42,9,9,0,38,23,9,18,61,58,29,0,0,33,17,17,0,52,1,99,44,58
2015-08-09,0,35,0,0,0,0,39,40,20,40,0,25,30,0,37,46,30,71,24,24,42,35,12,56,4,4,0,50,35,0,15,0,0,16,38,45,0,21,49,30,13,22,17,17,52,25,50,22,19,19,56,0,31,0,0,50,21,35,23,17,34,26,0,0,0,0,96,30,27,0,54,18,41,42,26,20,0,0,29,36,43,43,63,12,9,0,47,35,9,14,67,46,25,12,0,100,17,50,34,46,1,94,72,25
2015-08-16,0,0,34,34,0,0,38,20,40,33,18,61,20,36,27,18,17,50,24,0,41,41,12,51,0,0,0,37,49,11,23,30,0,15,19,25,0,62,52,40,0,59,0,17,77,0,0,50,37,0,49,0,0,0,49,37,21,21,39,0,42,38,32,0,34,16,69,0,27,27,59,18,0,41,13,26,48,0,52,28,64,64,65,15,9,0,56,23,9,9,72,57,25,0,12,33,16,22,34,34,2,87,69,36
2015-08-23,0,0,34,34,0,0,0,0,20,26,18,24,20,0,0,18,23,57,46,0,40,81,12,47,0,0,3,65,34,11,45,0,15,15,28,37,0,21,21,26,0,39,0,0,51,48,0,60,0,24,42,36,0,39,24,0,21,0,33,17,84,0,52,31,44,0,47,0,26,26,52,17,40,0,26,26,0,0,51,42,21,21,32,0,9,0,24,22,9,12,44,52,20,0,0,65,16,27,0,34,1,80,77,24
2015-08-30,0,34,0,34,37,37,0,20,52,20,35,24,49,18,36,27,11,50,46,0,20,47,17,62,3,0,0,45,34,0,30,0,15,15,25,47,21,41,62,20,13,47,17,17,50,48,0,38,36,18,60,36,46,39,49,36,61,20,42,0,66,25,63,31,28,78,83,29,26,26,52,17,40,40,0,19,0,0,65,23,63,21,58,13,9,18,0,22,9,13,53,56,30,12,0,32,16,22,33,33,1,81,59,36
2015-09-06,0,0,0,33,37,0,0,19,32,39,17,24,58,0,18,0,19,45,23,0,94,40,23,97,0,3,3,42,90,23,45,0,30,0,37,37,0,41,41,26,13,26,0,0,34,24,0,43,18,18,30,36,0,0,24,48,34,40,61,16,25,25,62,0,25,15,52,29,0,0,23,17,40,0,0,13,0,70,56,28,21,35,49,13,13,18,36,0,18,9,59,64,32,0,0,32,0,16,33,0,1,86,81,39
2015-09-13,0,32,0,33,0,0,0,29,38,19,0,39,56,17,35,0,17,48,23,0,59,46,11,64,5,0,3,28,36,22,0,0,14,15,18,54,20,0,20,47,19,46,16,0,0,0,0,37,0,35,47,35,59,38,0,23,20,30,59,0,16,24,30,30,38,15,60,0,38,0,51,34,0,39,12,31,45,45,41,14,41,20,37,8,17,18,35,22,9,9,43,51,20,0,12,47,0,16,0,54,1,81,66,46
2015-09-20,0,0,0,0,74,0,0,19,32,19,17,47,38,0,29,35,11,60,0,0,39,0,29,65,3,0,0,42,40,11,15,15,15,44,18,55,20,20,40,29,0,29,17,0,17,35,0,32,18,18,53,0,30,39,24,47,40,30,38,0,57,0,31,0,54,15,31,0,26,25,40,51,0,0,12,25,0,0,41,14,31,34,60,9,9,0,54,22,9,30,61,55,32,0,12,58,16,16,49,0,0,75,55,58
2015-09-27,0,0,0,32,36,36,36,19,38,28,17,47,19,17,69,17,22,40,22,0,39,65,22,67,3,3,3,44,36,22,29,0,14,0,24,18,20,20,69,19,17,19,16,0,54,23,0,31,0,17,46,0,29,0,23,23,29,39,53,0,32,0,60,0,37,0,55,28,100,50,17,17,0,0,0,31,0,0,49,20,20,20,42,8,8,18,18,65,8,17,54,47,58,17,12,67,0,47,0,32,1,77,48,23
2015-10-04,0,64,32,48,0,0,72,37,19,37,17,35,37,34,34,68,22,40,22,0,29,51,11,48,3,5,0,57,65,22,14,14,0,0,18,18,20,20,39,19,12,33,0,16,32,46,0,26,23,23,29,69,58,38,46,46,19,26,32,0,16,32,40,0,32,0,60,28,50,0,55,0,0,0,12,36,0,45,40,53,20,100,36,8,8,17,47,32,8,8,42,81,35,12,0,31,15,23,0,32,1,72,67,53
2015-10-11,0,32,0,32,0,0,36,19,38,38,50,46,46,17,17,17,15,37,30,0,71,52,19,63,3,3,0,65,50,11,22,0,0,0,18,24,0,20,59,56,12,12,16,24,32,23,23,37,0,18,17,35,0,75,23,39,19,26,37,0,40,0,30,0,53,15,55,42,50,0,61,17,0,0,0,36,0,0,49,13,40,20,17,0,13,0,53,22,0,13,68,50,15,12,12,83,0,15,32,32,1,75,54,30
2015-10-18,0,0,32,32,0,0,0,46,31,31,33,23,18,17,17,17,22,50,0,0,25,51,17,48,3,3,3,40,35,16,28,0,0,0,18,23,0,39,78,28,16,49,16,16,48,0,0,41,34,0,46,0,29,0,0,46,39,0,37,31,39,0,59,0,39,15,74,27,49,0,33,16,38,0,12,30,0,44,53,22,33,26,52,8,8,17,43,43,0,8,50,38,23,0,0,41,0,31,63,32,1,79,60,45
2015-10-25,32,64,0,0,36,0,0,19,62,19,17,46,19,17,17,17,11,51,22,22,58,45,22,41,5,3,0,43,36,11,22,0,14,14,35,27,0,29,20,18,12,41,16,16,32,69,23,52,0,23,35,52,29,0,35,77,29,19,69,16,16,24,40,0,42,15,50,0,25,25,33,17,38,38,0,12,44,0,44,26,30,40,44,0,8,0,29,21,17,13,39,63,19,11,0,31,31,38,32,32,1,76,50,38
2015-11-01,0,0,0,32,0,0,0,19,37,19,17,34,37,17,17,34,11,40,37,22,38,83,17,41,0,6,0,35,43,11,29,0,14,0,18,35,0,20,20,19,18,37,16,16,32,0,0,31,17,17,40,34,29,0,23,100,19,19,32,32,16,24,44,0,32,30,49,0,25,25,33,0,0,0,0,12,0,44,40,18,20,20,28,0,12,17,17,21,8,8,39,54,29,0,0,54,31,23,32,63,0,73,56,38
2015-11-08,0,32,32,0,0,0,0,31,37,0,33,23,37,17,17,26,16,51,33,22,45,38,0,70,3,3,3,38,46,16,28,15,22,15,36,35,20,20,39,19,25,41,0,16,38,23,23,47,17,0,52,35,29,0,47,62,19,20,53,0,26,0,29,0,42,22,54,0,25,25,50,17,0,38,24,12,0,0,67,26,41,27,58,25,8,18,17,29,0,8,42,54,23,0,0,31,0,47,32,32,1,71,67,34
2015-11-15,32,32,32,32,59,0,0,18,93,18,17,23,46,17,17,17,22,58,22,0,57,57,17,44,0,8,0,40,35,11,21,14,14,0,18,0,19,19,19,31,12,49,16,16,48,23,23,46,17,17,34,0,87,0,23,69,19,39,37,0,16,24,29,0,16,44,54,0,49,25,33,25,0,38,12,36,0,44,53,20,20,20,30,0,8,17,29,43,0,8,72,34,15,0,0,51,0,15,32,32,1,75,30,38
2015-11-22,0,0,0,32,36,0,36,19,25,25,17,23,37,0,17,25,22,54,22,22,51,38,11,59,0,3,3,32,32,11,100,14,14,14,18,26,19,19,29,18,12,41,0,16,56,46,0,54,17,29,57,34,48,38,23,69,29,29,79,0,37,0,30,0,47,15,79,0,33,25,41,16,0,0,12,18,0,44,62,13,40,20,47,0,8,0,35,32,0,13,36,17,27,0,0,41,0,15,0,32,1,66,53,34
2015-11-29,0,0,32,32,0,36,36,18,43,43,25,23,18,0,25,22,11,39,22,0,44,19,11,62,3,5,3,24,25,21,71,0,14,0,18,35,39,0,29,0,24,55,16,16,37,23,23,31,0,17,23,0,43,37,23,34,19,0,42,0,16,0,59,0,31,15,64,27,25,0,33,16,0,0,0,30,0,44,57,20,20,20,27,0,0,0,52,21,8,8,30,11,17,0,23,35,0,15,32,32,1,74,51,60
2015-12-06,0,0,0,48,0,36,0,28,25,19,17,23,28,23,17,25,22,36,22,0,29,38,22,63,0,10,0,27,25,21,78,0,14,14,18,17,0,0,26,43,24,37,0,32,37,0,23,31,0,0,29,0,29,0,23,46,39,39,37,16,39,24,30,0,16,0,54,0,37,24,33,17,0,0,12,24,0,0,53,18,20,30,30,16,8,0,17,22,8,8,47,61,31,0,0,51,15,0,0,32,1,71,51,34
2015-12-13,0,0,0,33,0,37,0,19,57,32,26,23,66,35,35,17,22,33,45,45,46,26,0,38,3,7,3,47,29,0,37,29,15,22,18,18,20,20,20,19,13,21,16,16,44,0,0,42,18,18,71,35,59,38,0,47,30,0,49,16,24,24,46,0,57,20,35,0,25,0,34,0,59,0,0,25,0,0,32,18,21,20,40,0,11,0,53,22,9,9,47,43,18,0,12,52,0,16,0,33,1,71,64,46
2015-12-20,0,0,0,55,41,0,41,21,42,35,0,66,42,19,26,19,12,41,38,0,66,55,13,34,7,22,0,25,41,12,41,16,33,16,30,20,22,22,44,0,21,42,18,18,27,26,65,29,39,20,26,0,0,0,26,26,44,22,36,0,36,27,0,0,18,17,28,31,47,0,38,19,43,0,0,0,0,0,45,0,0,23,25,9,14,0,20,24,0,0,25,20,26,0,13,88,0,0,0,36,0,81,29,26
2015-12-27,36,36,0,36,41,81,0,21,63,32,38,0,42,19,19,29,37,66,75,0,36,32,19,96,5,91,0,61,73,0,41,0,0,33,0,20,0,0,33,42,14,32,0,18,54,26,0,35,39,29,78,39,33,85,0,26,22,44,65,18,54,27,50,34,42,25,34,0,28,28,19,19,86,0,27,41,0,0,55,30,0,23,44,14,14,39,39,32,9,19,35,30,19,0,0,52,0,23,36,36,1,66,51,51
2016-01-03,34,34,34,0,0,0,39,40,80,40,0,25,59,0,0,27,23,35,47,23,34,83,12,71,0,88,7,55,23,0,23,15,23,0,57,57,21,42,21,33,13,20,17,17,29,0,25,83,18,0,37,37,31,0,0,49,21,41,68,17,25,51,32,0,28,0,56,0,40,0,27,0,0,0,13,13,0,95,57,14,22,43,71,13,9,19,37,0,0,18,27,56,41,0,0,49,17,16,34,69,3,66,46,0
2016-01-10,33,0,0,33,0,37,38,0,39,39,17,24,19,27,0,0,11,49,35,0,30,60,12,54,3,39,0,53,28,11,15,15,30,0,19,0,20,21,27,38,38,34,0,17,22,0,0,57,18,18,27,0,30,39,0,24,20,20,66,16,33,0,31,31,16,16,46,29,51,26,17,17,0,0,13,19,0,46,51,14,21,0,55,0,9,0,18,22,9,9,41,56,20,0,0,16,16,16,0,33,1,60,69,94
2016-01-17,0,34,0,34,0,0,0,26,39,29,26,48,78,36,18,27,11,46,23,0,40,34,23,47,3,6,0,48,37,11,38,15,15,0,19,25,20,0,21,78,32,21,17,17,50,24,0,38,36,27,18,0,31,0,24,73,20,20,33,0,66,0,31,31,41,16,70,58,35,0,17,52,40,0,19,38,47,0,37,14,42,21,44,9,0,18,18,0,0,22,26,44,28,12,12,16,0,21,33,0,1,64,65,24
2016-01-24,0,0,0,0,0,0,0,19,26,19,35,24,39,18,18,35,11,53,69,0,40,33,19,54,7,3,3,28,34,11,30,15,15,0,28,37,20,0,34,26,19,34,0,17,45,0,24,76,0,18,54,0,30,0,24,32,47,20,49,0,25,25,31,0,33,15,46,29,39,51,35,0,40,0,13,25,46,46,46,14,31,21,55,0,0,0,0,67,9,13,41,36,16,0,0,16,0,16,33,0,0,65,40,47
2016-01-31,33,0,0,0,37,37,0,19,39,19,17,0,19,0,18,18,11,42,46,0,27,70,0,46,0,3,0,37,37,11,22,0,0,0,0,37,0,20,0,29,19,32,17,17,39,0,0,38,18,36,42,0,0,78,0,0,40,27,27,0,16,0,31,31,33,15,46,29,0,0,29,17,40,40,38,13,46,46,37,21,21,35,52,9,9,0,30,45,9,22,38,40,24,18,12,59,0,48,33,66,1,58,51,0
2016-02-07,0,0,33,0,0,38,38,20,33,19,18,0,68,18,18,18,11,61,23,23,54,40,12,43,3,0,0,31,30,11,53,0,15,15,19,37,0,0,55,39,13,19,0,17,39,0,0,33,0,18,36,54,0,39,24,24,41,41,44,0,0,0,0,0,28,16,47,29,35,26,41,26,40,0,13,32,0,47,56,14,0,21,38,9,0,0,0,34,0,13,32,68,20,0,12,49,0,16,33,67,1,58,63,24
2016-02-14,0,0,0,0,0,0,0,48,19,29,43,32,29,0,52,0,28,50,23,0,26,72,0,53,0,3,0,44,37,0,29,0,0,0,36,46,0,20,47,25,13,34,17,17,17,23,24,48,0,18,18,35,30,0,48,24,27,0,65,16,49,25,31,0,16,0,56,28,25,51,28,17,0,0,12,31,0,0,21,27,21,21,31,13,9,18,45,0,9,0,37,43,28,0,12,32,32,0,0,33,1,52,55,0
2016-02-21,0,33,0,0,37,0,0,29,25,38,0,24,38,17,26,35,11,59,23,0,49,46,11,38,0,3,7,47,66,0,29,0,15,0,18,36,0,20,60,28,0,25,0,17,33,23,0,32,18,0,35,35,30,0,24,47,20,0,48,16,0,24,30,0,16,0,86,0,0,0,73,17,0,0,12,50,46,0,45,14,31,31,25,8,8,18,36,0,9,11,54,55,0,0,12,42,16,16,0,33,1,53,79,23
2016-02-28,0,0,0,65,0,36,0,25,38,19,26,23,47,17,51,0,17,44,38,0,33,69,0,57,3,0,0,39,47,0,14,0,29,15,18,18,0,0,33,19,13,54,0,16,16,23,0,21,17,17,41,0,30,0,23,47,20,20,24,16,49,24,0,0,43,15,60,28,0,0,56,17,0,0,0,25,0,46,45,14,41,61,31,8,21,0,47,33,9,17,23,70,12,0,0,31,16,31,0,49,1,62,57,0
2016-03-06,0,0,33,33,37,37,37,19,19,26,17,24,57,0,35,26,11,41,0,0,26,59,11,42,0,0,3,47,29,28,37,0,15,15,18,18,0,0,30,38,34,59,25,0,44,24,0,37,0,18,36,35,45,0,24,71,20,40,98,16,16,0,31,0,38,0,81,28,26,0,51,26,0,39,12,25,0,46,55,46,0,20,48,0,9,18,18,22,0,9,72,24,16,0,0,53,0,24,0,33,0,64,49,31
2016-03-13,33,33,33,33,37,74,0,19,38,19,0,24,67,0,17,18,22,41,46,0,20,46,17,34,10,0,0,45,15,0,37,15,15,30,18,37,0,20,27,32,17,55,0,25,28,47,24,59,18,18,53,36,0,0,24,40,30,33,33,16,24,24,31,0,43,15,51,28,26,25,63,17,0,0,38,50,0,0,37,27,41,31,51,13,9,36,36,44,9,17,66,63,18,0,0,58,0,0,33,0,1,60,51,23
2016-03-20,0,0,0,34,39,0,38,26,40,30,36,24,20,0,18,36,17,66,24,47,48,68,0,42,3,0,0,52,34,0,46,0,30,0,19,38,0,0,21,20,13,46,17,17,29,37,0,39,37,18,37,37,0,40,25,25,21,20,17,17,17,0,32,32,28,31,42,29,0,26,47,18,0,41,0,26,0,0,57,14,0,21,41,18,0,19,19,46,9,9,48,45,25,12,0,22,0,16,0,67,2,67,53,48
2016-03-27,0,0,0,0,0,0,0,0,26,19,35,72,48,0,18,18,11,53,46,0,74,47,12,31,3,0,0,28,56,11,45,0,0,0,0,0,20,61,27,39,19,26,0,17,67,24,0,22,0,0,36,0,30,0,24,24,27,41,44,0,33,0,47,0,16,31,31,0,39,0,52,23,0,0,25,13,0,0,49,14,42,42,64,9,0,0,30,22,9,13,59,52,12,12,0,56,16,16,0,66,1,54,47,71
2016-04-03,0,0,0,33,37,0,37,0,39,26,17,48,29,26,26,17,11,53,23,23,60,73,11,61,3,0,0,48,33,11,30,0,0,0,0,37,0,20,51,26,19,25,0,17,39,48,24,38,18,18,30,35,30,0,24,24,20,40,38,16,22,0,31,0,44,23,56,29,0,26,23,17,0,0,0,25,0,92,37,37,0,72,32,9,9,0,36,22,0,9,41,52,20,12,0,53,0,32,33,0,2,64,58,35
2016-04-10,0,33,33,0,37,37,0,29,58,19,17,36,0,18,29,35,19,53,23,23,20,40,23,65,7,0,0,79,41,17,52,30,0,15,18,18,20,41,30,29,21,38,0,17,56,0,0,38,0,18,48,54,30,39,24,24,40,50,58,0,27,25,31,31,41,46,51,0,26,26,40,34,40,40,0,0,0,46,23,21,21,31,43,0,9,18,54,45,0,17,55,44,44,0,12,53,16,16,33,66,1,62,63,24
2016-04-17,0,0,33,33,37,37,37,0,39,39,35,73,58,18,27,0,26,53,31,23,40,33,23,42,7,0,0,56,41,0,30,22,0,15,28,28,20,31,30,29,0,26,0,17,50,24,0,43,0,18,42,36,30,39,36,36,20,20,38,33,17,25,0,0,60,15,62,29,52,26,43,17,40,0,0,19,0,46,35,37,0,0,35,9,17,18,36,0,9,13,67,40,20,0,12,53,16,16,55,33,1,54,76,47
2016-04-24,0,33,0,33,37,0,37,29,39,19,35,36,19,17,29,29,22,34,34,0,79,30,19,42,5,0,7,42,52,0,22,0,0,0,18,18,0,41,40,19,19,34,0,0,41,47,0,64,0,18,53,36,0,39,0,63,60,20,25,16,24,25,46,0,43,46,46,29,51,26,28,34,40,39,0,19,0,69,78,27,21,21,66,9,9,0,24,44,0,13,55,71,28,0,0,63,16,16,0,49,1,59,86,23
2016-05-01,34,0,0,34,0,0,0,20,39,79,35,24,49,18,18,18,23,31,69,23,41,61,12,59,0,0,0,43,60,0,38,15,0,0,28,19,21,34,41,33,20,35,17,0,42,24,0,60,18,36,55,0,46,40,24,24,62,41,22,0,25,100,63,31,58,0,47,29,26,0,52,0,0,41,0,26,47,0,28,33,32,28,41,9,13,18,55,46,9,21,62,49,36,0,0,40,0,16,0,34,1,60,52,24
2016-05-08,0,100,0,0,0,0,0,39,19,39,35,48,39,18,23,26,11,19,35,0,27,40,12,35,3,0,0,50,100,11,30,0,15,15,37,37,0,20,41,26,19,26,17,33,22,48,0,54,0,18,30,0,30,39,24,24,30,0,49,0,33,25,31,0,22,0,72,29,26,26,40,17,0,0,0,25,0,0,28,18,21,41,23,13,0,18,27,0,0,9,73,44,48,12,12,37,16,24,33,33,1,57,54,31
2016-05-15,33,33,34,50,38,38,0,19,29,0,0,36,19,18,0,18,11,42,23,0,20,47,17,39,3,0,0,39,48,11,30,0,15,0,18,28,0,20,27,19,19,51,17,25,45,24,24,49,0,0,60,36,0,39,24,0,20,30,22,0,25,0,62,62,74,15,46,29,26,0,17,17,0,40,0,38,46,0,32,28,42,28,58,13,0,36,36,0,0,12,70,56,24,12,12,16,16,27,0,50,1,66,67,55
2016-05-22,0,34,0,0,38,0,0,20,39,0,53,61,39,18,36,27,11,42,23,0,54,68,24,43,0,0,3,34,34,0,45,0,0,15,19,38,0,28,21,20,13,26,0,17,34,61,0,60,0,18,27,36,31,0,0,24,21,20,28,0,17,0,31,0,61,0,42,29,0,0,44,35,0,0,0,13,0,0,61,35,35,35,29,9,0,18,18,0,0,18,83,65,12,12,12,43,32,16,0,34,1,63,39,48
2016-05-29,34,0,0,0,39,0,0,20,30,20,18,49,20,0,45,37,12,31,32,0,41,48,0,32,3,7,3,61,46,0,31,0,15,0,0,19,0,21,21,20,20,44,17,17,29,24,24,33,18,18,31,37,31,0,25,25,21,0,56,17,34,25,0,0,51,16,48,30,27,0,27,18,41,0,0,26,48,47,43,48,43,36,42,9,9,19,37,46,9,9,42,37,25,0,0,22,0,27,0,51,2,59,53,49
2016-06-05,0,0,34,34,0,0,0,39,33,20,35,24,39,36,42,54,11,38,35,23,41,68,12,27,0,0,0,46,45,0,15,0,15,0,19,38,0,31,0,20,17,35,0,17,42,0,0,41,0,0,46,37,31,0,24,36,27,20,39,0,17,0,47,31,50,0,78,29,26,26,47,0,41,0,26,58,47,0,42,47,43,32,29,13,9,0,18,23,0,9,62,85,18,0,0,24,16,16,45,34,0,54,66,32
2016-06-12,0,0,0,0,0,38,0,39,78,20,18,73,39,18,53,36,11,23,23,0,27,71,12,47,3,0,3,31,34,0,23,0,23,0,0,37,0,0,51,58,13,13,0,17,28,48,24,38,18,0,36,73,46,0,0,24,20,20,22,0,25,0,31,0,39,16,31,0,26,0,23,35,40,41,13,13,0,0,47,33,42,21,38,0,9,18,37,23,9,18,36,73,30,0,12,57,0,32,0,34,1,53,63,24
2016-06-19,34,0,0,0,39,0,0,40,30,30,36,99,30,18,27,42,23,35,24,0,27,48,0,40,3,0,0,49,31,0,31,0,0,31,19,48,0,0,28,20,13,48,17,17,29,25,0,39,0,18,92,37,31,40,0,33,21,21,34,0,17,0,32,32,34,24,42,29,44,0,36,18,0,41,13,13,0,48,33,38,0,21,24,18,9,19,50,23,9,18,48,41,31,12,0,33,0,17,34,34,2,57,51,24
2016-06-26,0,0,35,0,0,0,0,40,20,33,54,0,20,18,18,37,12,35,32,0,62,82,16,44,3,0,0,41,40,11,38,15,15,0,19,48,0,0,42,30,20,46,17,0,29,0,0,72,0,18,56,0,31,0,0,25,21,21,51,0,26,0,64,0,34,16,37,39,53,53,42,0,41,41,13,26,48,48,57,52,43,64,51,18,9,19,44,23,9,23,57,49,37,12,0,61,0,17,35,0,2,55,60,49
2016-07-03,0,0,37,37,41,0,0,64,21,21,47,52,31,19,38,19,49,41,25,0,58,58,13,50,0,0,0,40,49,0,49,0,0,32,20,33,0,37,22,21,14,23,18,27,55,26,0,47,20,20,19,0,0,0,26,39,44,0,54,18,45,27,33,0,48,17,50,31,28,28,100,0,43,0,28,34,0,50,75,45,34,0,63,19,9,20,59,24,0,0,44,61,26,0,0,26,18,35,36,36,1,56,73,34
2016-07-10,36,0,0,35,0,40,0,21,62,21,19,26,21,19,31,38,20,32,33,24,32,35,12,33,4,0,0,48,20,18,16,0,0,0,0,33,22,22,43,21,14,18,0,0,24,25,0,40,19,19,38,0,32,0,0,26,0,65,35,0,26,27,33,0,44,16,41,31,28,28,37,18,0,43,0,27,0,0,59,15,22,22,43,0,0,19,32,24,0,19,31,30,13,13,0,28,0,17,35,53,0,49,48,0
2016-07-17,0,0,0,36,40,0,0,21,35,63,47,65,31,19,25,57,12,12,25,0,22,58,12,63,4,0,0,43,36,0,32,0,24,0,20,20,0,0,44,31,14,42,0,0,27,0,0,41,0,19,32,39,0,42,26,39,22,22,36,0,30,0,33,0,24,17,67,62,0,0,50,19,0,0,14,27,50,0,40,40,23,56,37,9,0,0,20,24,19,10,44,52,19,0,13,61,0,52,0,0,1,60,70,51
2016-07-24,0,0,36,36,0,0,0,31,21,42,38,0,21,0,19,19,12,61,25,25,65,50,12,54,0,0,4,39,40,12,16,32,0,0,30,20,0,22,22,21,14,28,18,0,45,0,0,81,19,19,48,0,0,0,26,39,22,22,35,18,0,26,33,0,71,0,100,0,42,28,43,37,0,0,0,27,0,50,25,45,34,22,34,19,9,0,29,24,9,9,63,43,13,13,0,40,17,17,0,0,2,60,70,51
2016-07-31,36,36,0,0,0,0,0,21,63,84,19,39,31,38,38,51,20,53,100,0,65,22,13,71,4,0,0,23,30,0,32,16,32,16,20,30,0,0,29,31,0,65,0,0,18,26,0,47,0,58,29,0,0,0,0,43,0,0,30,0,36,0,33,33,42,17,28,31,56,0,31,19,0,0,0,55,0,100,35,23,23,23,47,9,0,30,29,24,0,0,35,65,19,0,0,52,26,17,36,72,0,64,56,26
2016-08-07,0,37,0,0,0,0,0,32,22,0,19,27,43,20,20,20,25,38,26,26,55,22,17,17,0,0,0,62,25,0,50,0,17,0,20,27,0,45,30,21,14,19,0,19,19,27,0,36,0,0,60,0,0,0,0,27,45,23,61,0,27,27,0,0,24,0,51,48,29,0,26,38,0,0,14,35,0,0,69,31,23,46,54,0,10,0,47,37,0,29,39,31,13,0,0,30,18,36,0,0,1,54,52,53
2016-08-14,38,0,0,38,43,0,0,0,37,45,79,27,33,20,30,41,17,58,35,0,53,30,13,53,4,0,0,32,38,0,34,0,0,0,31,21,0,23,46,22,58,29,0,0,38,0,0,55,31,41,62,0,34,45,27,27,35,34,100,0,19,28,53,0,25,0,70,0,0,30,33,0,46,0,14,29,0,0,32,40,40,35,39,10,10,0,62,25,10,20,56,27,41,14,14,46,0,18,0,75,2,64,36,54
2016-08-21,0,0,36,0,41,0,0,21,21,42,48,26,53,0,19,19,25,37,25,25,44,22,25,76,0,0,0,34,28,0,33,0,16,16,20,40,22,33,22,32,14,33,18,37,27,0,0,53,0,20,29,39,0,0,0,26,22,44,48,0,36,54,34,68,18,0,90,0,0,0,75,19,0,0,0,21,50,0,25,25,23,23,38,19,0,20,30,24,0,10,61,44,26,0,0,29,17,35,36,36,2,62,29,39
2016-08-28,0,35,0,0,39,0,39,20,30,27,18,75,61,0,28,25,24,24,24,0,42,21,37,32,0,0,0,32,55,12,16,0,16,16,29,58,21,0,43,41,20,40,0,0,47,25,0,51,19,0,38,38,0,41,25,25,28,21,23,0,17,0,32,0,52,32,54,30,27,27,24,36,0,0,13,26,0,48,63,15,0,43,51,0,18,0,32,35,14,9,40,38,17,12,0,34,0,51,34,35,1,59,84,86
2016-09-04,0,0,0,71,0,39,0,20,41,20,37,42,30,18,18,37,18,28,24,0,49,56,12,48,4,0,4,38,39,0,78,31,16,16,19,19,0,42,21,20,20,87,0,18,18,25,0,28,19,0,25,0,0,0,26,42,32,21,40,0,0,0,33,0,52,16,32,0,27,0,42,36,42,85,0,52,0,48,68,29,22,22,64,18,18,19,57,0,9,18,55,46,42,0,12,50,17,34,35,0,2,51,49,25
2016-09-11,35,0,35,35,39,0,78,31,41,20,18,0,41,19,43,19,12,54,48,24,35,42,12,32,4,4,0,41,23,0,24,0,16,16,19,26,21,21,21,41,27,31,35,0,59,0,25,51,19,28,28,38,64,0,0,25,32,21,46,35,40,26,65,0,35,0,49,30,27,27,42,36,42,42,0,46,0,0,44,39,22,33,27,9,9,0,32,47,0,15,58,34,21,13,0,45,17,25,0,35,1,56,45,25
2016-09-18,0,0,0,35,39,39,39,20,20,20,54,33,40,18,27,18,12,47,40,24,42,69,12,48,3,3,0,58,46,0,16,0,16,15,0,28,0,42,56,20,13,35,17,17,34,37,0,33,19,28,19,0,0,80,0,50,21,31,23,17,17,26,31,0,51,0,37,59,40,0,59,35,0,0,0,13,0,0,48,21,43,32,39,9,0,37,19,45,9,13,54,29,16,0,0,33,0,22,33,0,0,54,41,24
2016-09-25,0,34,0,0,38,38,38,20,26,33,27,33,39,0,18,0,29,54,23,0,61,48,18,47,0,0,3,34,30,11,30,15,0,15,19,28,21,31,21,26,13,22,34,17,51,0,0,44,0,0,31,37,31,0,24,25,41,21,67,0,50,25,32,32,42,0,58,29,26,0,29,18,0,0,26,26,0,0,21,14,21,28,44,9,9,19,28,23,0,12,51,37,18,12,0,22,0,16,0,34,2,54,59,48
2016-10-02,0,0,0,34,0,0,0,19,39,20,27,24,39,18,0,18,11,46,23,23,40,54,0,43,3,0,0,51,41,11,30,0,0,0,28,19,0,21,21,20,13,56,0,0,62,24,0,33,0,0,55,0,31,40,24,25,20,20,39,0,17,0,31,0,33,0,78,0,39,26,17,35,0,0,19,13,0,0,42,28,0,35,44,9,0,0,55,0,0,9,41,57,12,0,0,57,0,0,34,34,1,60,66,36
2016-10-09,0,0,0,34,0,0,57,46,53,26,54,33,40,18,18,18,12,46,24,0,34,31,24,39,0,0,0,46,34,11,38,15,30,0,19,0,0,21,21,40,17,35,0,0,40,0,0,44,0,0,37,37,31,40,0,37,31,41,28,0,50,25,32,32,28,16,53,0,44,26,35,27,41,0,13,19,47,0,38,33,36,21,30,0,0,0,37,38,9,9,51,49,24,0,12,33,0,33,34,34,1,64,64,0
2016-10-16,0,0,0,51,0,38,38,20,39,39,35,49,29,0,18,27,17,57,46,47,20,67,23,70,3,0,3,43,34,11,38,0,30,0,19,37,21,41,41,20,17,43,17,17,23,24,0,38,36,36,90,36,31,40,0,40,41,20,41,0,17,25,47,0,16,16,62,0,39,0,52,17,0,40,13,19,0,0,51,49,0,21,67,9,9,18,37,23,9,26,59,36,18,0,0,43,0,16,50,34,1,62,68,0
2016-10-23,67,0,0,0,0,0,0,39,29,29,44,48,29,36,18,18,11,34,31,0,47,47,16,39,3,3,7,28,19,0,30,15,23,0,25,19,21,21,31,39,19,26,0,0,40,36,0,44,18,18,27,73,31,39,24,61,20,0,33,17,17,0,47,0,28,16,52,0,0,0,35,0,0,0,25,38,0,47,61,28,21,21,50,0,9,36,55,30,9,18,41,44,24,12,0,54,0,24,0,68,0,66,47,36
2016-10-30,0,34,0,0,0,38,0,26,20,30,53,24,29,27,0,18,12,38,31,35,34,71,16,55,0,3,0,20,34,23,15,15,15,15,19,19,21,41,41,20,13,45,17,17,40,0,0,33,18,37,37,73,31,0,24,37,21,20,25,0,42,25,31,0,39,16,47,58,26,26,35,35,41,41,0,26,47,47,33,28,43,32,35,9,9,0,28,23,0,18,41,61,20,0,0,49,0,24,34,68,1,59,66,60
2016-11-06,33,33,32,0,37,55,73,38,45,19,17,24,38,17,44,18,11,26,23,23,50,80,11,17,0,3,3,42,26,11,67,0,0,0,0,72,20,20,40,29,0,34,0,17,33,23,0,48,18,18,30,35,45,0,0,79,40,40,38,16,49,0,31,0,40,0,30,28,25,0,23,17,0,39,13,62,0,0,41,14,31,20,43,13,8,0,42,44,0,9,35,43,32,0,12,26,0,16,33,0,1,57,68,62
2016-11-13,33,33,0,0,0,0,0,20,19,39,17,24,48,0,18,27,11,53,23,23,34,67,23,64,3,3,3,40,30,11,30,0,15,0,18,37,21,0,27,19,13,43,0,0,51,24,0,49,0,18,36,0,0,0,24,48,20,0,39,17,33,0,0,0,28,0,47,0,26,26,46,17,0,0,0,32,47,46,28,23,21,21,61,9,17,18,27,52,9,18,76,52,28,12,12,48,16,16,33,33,2,53,49,36
2016-11-20,0,0,0,33,37,0,0,29,39,39,17,48,77,18,0,18,23,64,23,0,53,40,0,81,0,13,0,56,19,11,59,0,15,0,0,55,0,0,20,19,13,45,0,0,33,24,0,32,0,36,72,36,0,39,0,56,30,20,16,0,0,0,31,31,41,15,77,28,0,26,40,26,0,40,25,31,0,0,46,14,31,21,69,0,26,18,18,22,9,13,47,36,36,12,12,59,0,16,49,33,0,44,45,35
2016-11-27,0,0,32,0,0,0,0,19,31,37,33,35,37,17,50,17,22,40,44,0,70,39,11,63,0,5,0,51,25,21,57,14,14,0,18,24,19,20,99,37,12,49,16,0,32,23,0,26,34,17,52,35,29,0,23,31,49,0,26,16,16,0,30,0,16,15,99,0,25,25,28,16,38,39,0,12,0,0,44,27,20,20,67,14,8,18,17,36,0,8,48,38,34,12,0,62,0,41,48,63,1,57,56,38
2016-12-04,0,0,0,0,0,36,36,24,43,18,33,45,36,0,22,17,21,43,22,22,38,38,11,40,3,11,3,35,42,10,42,0,14,0,35,53,0,26,32,37,12,44,0,0,21,45,22,38,0,34,45,51,0,0,0,38,77,38,54,0,21,23,29,29,41,15,39,27,49,0,22,16,0,38,0,24,44,44,22,13,0,20,38,8,8,0,34,21,8,11,25,34,28,11,11,45,15,15,0,32,1,55,44,45
2016-12-11,0,0,0,0,0,36,0,19,31,38,0,35,19,0,43,17,16,22,22,0,45,19,11,37,0,7,3,49,27,0,36,0,29,0,18,27,0,0,20,19,12,37,32,0,27,23,0,31,17,17,70,52,0,38,0,46,39,20,27,0,0,0,100,0,32,0,35,28,50,25,39,34,39,0,12,25,45,45,31,13,0,20,59,8,8,0,47,32,0,13,23,54,19,12,0,41,0,15,0,32,3,55,37,23
2016-12-18,0,0,0,34,0,76,0,30,20,27,36,25,69,18,18,18,23,50,24,0,51,21,0,24,0,8,3,29,34,0,15,23,0,0,19,19,0,0,31,39,0,53,35,17,26,0,0,44,18,37,55,0,31,40,0,37,42,41,17,0,23,25,32,0,17,16,26,29,26,27,35,0,0,0,0,26,0,48,33,0,64,21,30,0,9,18,31,46,9,9,30,25,12,0,0,22,0,25,34,34,1,54,52,24
2016-12-25,36,36,0,35,59,0,0,21,21,41,19,26,31,0,47,19,28,48,36,0,21,53,12,57,4,48,4,48,32,0,63,0,16,0,29,49,0,0,22,21,0,27,0,0,47,50,63,63,19,19,25,38,31,42,26,38,36,43,35,0,18,27,32,0,44,32,44,0,27,0,18,18,42,43,0,13,49,49,49,30,0,44,58,19,15,19,32,0,0,18,46,34,25,13,0,62,17,28,0,36,1,55,45,50
2017-01-01,0,0,33,33,0,0,37,0,58,38,35,24,58,17,26,53,11,53,23,23,79,33,0,57,3,84,0,84,30,11,74,44,15,0,18,55,0,0,40,38,19,47,0,0,39,0,0,48,18,18,36,0,30,0,0,47,27,20,25,0,16,25,31,31,41,15,31,29,34,26,17,17,40,0,13,38,0,0,83,18,21,21,52,9,0,18,30,66,18,0,41,28,12,12,0,53,16,40,66,33,1,61,53,23
2017-01-08,0,0,0,31,0,35,35,18,55,37,0,0,45,0,33,33,11,53,22,22,28,57,16,25,3,27,3,56,32,10,21,14,28,0,26,35,19,38,26,18,12,60,16,16,24,0,0,46,25,17,51,67,28,0,23,57,66,0,41,0,16,0,44,0,26,15,44,27,32,24,59,32,0,37,0,48,43,0,48,13,20,33,62,8,12,17,51,42,12,12,47,75,30,0,0,53,0,0,31,31,2,61,61,22
2017-01-15,0,31,0,31,0,0,35,27,36,18,33,56,63,25,17,50,18,74,32,21,25,25,22,47,3,12,3,34,52,21,28,14,42,28,17,17,0,0,19,18,20,76,0,24,79,0,22,76,34,17,17,0,0,37,23,45,76,19,31,0,31,0,29,0,31,0,44,27,36,24,49,0,0,0,12,24,43,43,52,13,39,39,35,0,14,0,23,42,0,16,49,75,19,11,11,30,0,15,31,62,1,50,63,30
2017-01-22,0,31,0,31,70,0,0,30,66,24,33,22,36,16,33,25,0,53,22,0,37,19,16,79,0,6,6,37,24,10,42,14,14,14,0,17,38,19,38,24,36,44,0,23,37,0,0,20,17,28,22,33,57,0,22,34,38,19,15,15,21,23,29,29,31,22,53,54,24,0,43,32,37,0,0,29,0,43,52,0,39,39,57,8,8,25,23,21,12,8,19,67,11,11,11,40,0,25,31,47,2,63,56,22
2017-01-29,0,0,31,31,35,0,0,54,30,27,24,0,45,16,16,16,16,46,64,0,25,19,11,50,0,0,0,52,31,21,28,0,14,0,0,17,0,25,31,48,12,55,15,16,78,44,22,25,33,17,22,0,28,0,22,34,66,19,51,0,15,0,0,0,25,14,57,40,24,24,53,32,0,0,0,29,0,43,21,19,0,0,53,8,8,33,34,42,0,16,57,41,17,0,11,30,15,15,31,51,2,48,75,22
2017-02-05,0,0,0,0,34,35,0,0,18,36,16,56,18,0,16,16,17,42,21,0,46,37,11,32,5,0,3,52,48,10,14,14,14,0,17,17,0,19,44,36,24,39,15,31,62,0,0,60,25,17,33,33,0,0,22,22,28,19,20,0,15,35,29,29,45,14,33,40,24,24,37,0,0,37,12,35,43,43,39,21,19,29,56,8,8,0,33,21,8,8,65,55,22,33,11,44,0,25,61,31,1,53,85,33
2017-02-12,61,30,0,61,0,0,34,18,53,35,32,65,35,16,21,21,21,28,42,21,49,49,11,74,3,0,0,38,24,10,27,0,27,0,34,34,0,19,25,18,23,23,0,15,31,0,0,44,0,33,41,0,28,47,22,44,28,37,50,15,20,0,28,28,52,14,56,26,23,23,31,0,0,36,11,17,42,0,42,38,19,19,39,8,16,17,33,41,12,11,45,40,22,11,11,29,0,29,0,0,2,57,57,22
2017-02-19,31,31,0,31,35,0,35,0,45,36,16,30,36,16,33,49,24,53,21,0,56,55,0,50,6,3,5,39,41,10,21,0,14,0,17,51,0,19,19,27,20,36,47,31,57,22,22,40,17,0,28,33,70,0,0,37,66,56,41,0,15,0,29,0,41,21,53,0,48,0,32,32,0,37,0,35,43,0,60,19,29,29,29,0,0,0,17,31,16,19,54,59,26,0,0,54,0,15,46,0,1,51,62,22
2017-02-26,30,30,0,0,34,0,0,26,26,18,16,22,26,24,24,32,10,45,42,21,64,48,31,28,3,0,3,41,44,20,34,0,14,0,0,17,0,0,25,23,12,35,0,15,38,22,0,54,0,32,16,33,27,0,22,55,43,28,60,0,30,23,28,56,22,14,56,43,0,23,52,0,0,36,11,23,0,0,63,17,28,25,31,10,0,16,16,20,8,8,64,62,40,22,11,29,0,29,0,0,2,59,45,21
2017-03-05,0,0,45,45,0,33,0,29,29,17,16,32,17,16,47,16,15,41,21,0,30,30,21,45,3,3,0,58,40,10,33,0,0,13,25,17,0,27,30,17,17,34,0,30,35,0,0,58,0,16,24,32,27,0,22,43,63,18,29,0,30,0,28,0,49,28,78,26,46,35,62,15,71,36,0,28,0,42,54,19,28,50,43,8,8,16,24,20,8,8,57,43,43,21,11,29,14,14,30,30,1,51,66,35
2017-03-12,0,0,0,30,0,34,0,52,17,29,16,43,17,0,39,0,10,24,21,0,30,36,0,38,3,0,3,55,37,10,40,13,13,0,33,33,18,36,24,87,0,19,15,30,37,43,0,39,24,24,21,32,27,35,43,43,36,27,29,0,44,22,28,0,29,0,32,0,35,0,15,0,0,71,11,23,62,41,33,25,56,25,39,12,0,16,16,20,8,16,47,43,11,11,0,33,0,57,30,30,1,55,54,28
2017-03-19,0,0,30,0,34,0,0,0,24,30,24,44,18,16,32,0,16,42,42,0,37,37,11,50,0,0,0,36,48,10,27,14,14,0,0,17,0,28,19,18,12,43,15,15,41,22,22,50,25,16,16,0,28,0,0,22,47,18,20,15,0,0,42,29,40,28,38,26,0,24,26,16,37,0,12,23,0,42,38,13,19,38,40,19,8,0,17,51,8,12,62,55,18,11,11,29,0,15,31,30,0,59,58,54
2017-03-26,31,0,0,0,0,0,0,18,54,54,16,22,36,16,33,16,17,49,43,21,56,68,11,25,3,0,0,47,45,0,21,0,14,14,43,34,0,38,28,54,0,47,0,23,41,45,0,35,0,17,44,0,0,36,45,22,38,19,36,30,20,0,29,0,20,0,38,26,36,24,21,16,37,0,12,29,0,0,56,26,29,26,72,8,13,0,42,21,8,8,38,41,56,11,0,35,0,37,0,31,3,57,73,37
2017-04-02,31,0,0,31,0,35,0,18,36,27,16,22,53,16,22,33,16,56,32,0,55,55,16,48,3,3,6,47,24,21,0,14,28,0,17,17,38,31,38,36,12,35,0,0,46,44,0,40,17,17,42,0,28,36,33,44,19,19,41,15,15,23,0,0,46,14,67,53,0,71,53,16,37,0,12,23,0,0,55,39,19,38,19,12,8,17,100,31,8,13,54,48,15,11,11,20,30,25,31,0,2,63,91,43
2017-04-09,0,0,0,32,0,0,36,37,37,18,33,23,46,25,34,28,11,40,29,0,64,45,22,33,0,3,0,65,27,11,36,0,29,0,36,18,0,20,29,31,16,25,0,16,54,23,0,67,17,17,35,0,29,56,0,31,19,29,47,0,21,0,50,0,100,0,22,27,25,37,39,25,0,0,0,36,44,44,35,18,27,20,55,17,8,0,29,22,9,8,90,42,27,12,0,46,15,20,0,31,2,61,58,23
2017-04-16,31,31,0,31,0,35,34,18,36,30,16,37,36,16,33,49,21,32,57,0,37,37,22,68,3,0,3,60,48,10,49,0,0,0,17,17,0,19,47,42,24,24,15,31,42,67,0,45,17,17,39,100,0,0,0,45,57,19,36,15,20,23,38,0,31,0,86,40,24,24,48,16,0,0,12,12,0,0,60,26,19,32,59,8,8,17,42,0,0,14,49,45,30,11,17,45,0,30,61,31,1,55,64,66
2017-04-23,0,30,31,0,69,34,0,36,27,30,64,44,53,0,32,16,17,62,35,0,43,64,21,18,3,3,3,54,41,10,41,0,27,0,17,34,19,28,37,27,23,23,0,15,41,22,0,45,16,16,33,33,56,0,22,0,37,19,20,0,30,34,57,0,40,14,38,26,24,0,79,32,37,73,0,17,0,42,38,25,0,44,45,12,11,0,39,21,8,12,64,33,22,11,0,49,15,15,30,46,2,62,68,36
2017-04-30,0,31,0,0,35,0,0,36,30,42,16,45,18,25,25,16,11,56,22,0,37,31,18,36,3,0,0,55,49,10,14,0,0,21,17,0,0,32,44,36,12,36,16,21,52,22,22,81,17,17,34,34,56,0,0,34,28,19,51,0,15,0,0,0,69,24,65,0,24,0,75,32,38,38,12,29,0,43,43,34,19,32,75,19,0,0,34,21,8,16,46,56,30,11,11,59,0,30,46,31,1,55,84,44
2017-05-07,31,0,31,0,35,35,0,27,45,48,16,30,18,16,33,16,16,52,43,21,62,37,0,39,6,0,3,70,76,0,21,14,0,0,26,28,0,38,28,36,18,32,15,0,57,66,0,50,17,0,58,0,28,36,22,0,37,28,53,15,23,23,86,0,41,14,57,26,24,24,42,32,0,0,12,17,0,0,38,38,29,0,59,0,16,17,34,41,0,16,57,55,22,11,11,59,15,20,51,0,1,54,64,51
2017-05-14,33,0,33,33,0,0,37,32,44,25,69,23,19,0,43,17,11,26,57,23,46,59,23,41,0,3,0,28,58,11,44,15,0,0,18,27,20,40,20,28,25,42,16,0,33,47,0,58,0,18,44,35,30,38,0,0,20,30,49,0,0,0,46,30,48,0,61,0,76,25,45,0,39,0,0,12,0,0,63,32,20,41,62,8,0,0,18,29,9,9,51,59,31,12,12,26,16,16,0,32,1,59,72,23
2017-05-21,0,0,0,33,37,0,0,39,39,19,26,48,58,18,18,26,23,79,46,23,60,47,15,27,4,0,3,51,60,0,15,0,30,15,18,18,41,41,34,19,26,47,17,0,50,0,0,70,36,0,36,0,30,78,0,24,40,20,55,0,25,0,47,0,55,15,54,57,0,0,29,17,0,0,13,76,46,0,51,32,21,41,43,9,0,36,45,22,9,12,50,44,24,12,0,53,0,24,33,100,1,56,56,47
2017-05-28,0,33,0,0,0,0,37,32,29,19,44,48,39,26,41,35,23,19,35,0,40,60,11,46,3,0,0,56,56,22,30,0,0,0,28,37,20,31,0,29,0,51,17,0,50,0,0,49,18,36,36,72,0,59,24,48,20,20,44,0,33,25,31,31,33,16,46,0,52,39,52,17,0,40,0,13,0,46,60,32,21,41,55,9,0,18,24,30,0,12,73,36,20,0,12,24,0,32,33,66,1,59,54,63
2017-06-04,32,0,32,49,36,0,0,0,19,19,17,47,19,26,26,17,66,48,22,22,45,32,11,39,3,3,0,52,47,11,36,0,14,0,18,18,0,20,20,38,25,37,32,32,65,23,0,63,18,17,29,35,30,0,39,23,20,20,37,16,32,0,40,30,48,15,70,42,25,25,61,17,39,0,12,24,45,45,45,45,20,50,36,8,8,26,59,0,0,25,57,58,17,12,12,36,31,26,32,32,2,48,63,31
2017-06-11,0,0,0,32,36,37,0,51,38,32,52,0,66,18,18,26,17,41,53,0,39,46,0,38,7,0,3,50,40,11,29,0,15,0,0,18,30,50,27,19,13,69,0,16,49,47,24,37,0,18,29,53,30,76,0,24,53,20,24,16,27,24,31,0,54,31,46,28,38,25,57,34,0,40,12,19,46,0,41,27,20,48,54,9,0,18,27,33,9,13,60,39,16,0,12,24,0,23,33,33,1,52,86,23
2017-06-18,0,0,0,0,36,36,36,19,28,28,0,23,65,0,51,23,15,51,22,0,77,19,11,41,5,0,3,49,68,11,43,14,21,29,18,53,0,20,30,18,12,33,16,32,91,0,0,39,0,17,52,35,29,0,0,46,45,29,32,0,32,0,30,0,32,0,50,41,25,25,50,33,39,39,12,12,0,0,62,18,27,20,33,8,8,17,23,22,8,8,70,38,19,11,0,31,15,21,32,48,1,50,58,34
2017-06-25,0,34,0,34,37,0,38,19,59,0,18,24,29,18,44,18,12,42,93,0,54,54,12,16,7,3,0,40,38,0,23,15,61,45,37,28,0,21,31,77,13,52,0,0,68,36,0,54,18,18,48,0,0,40,24,24,41,20,22,0,22,0,31,0,28,31,62,29,0,26,46,17,41,40,38,13,47,0,51,42,0,21,32,9,9,0,27,38,0,0,56,44,24,0,18,32,16,32,67,33,2,53,70,48
2017-07-02,34,34,0,0,0,0,0,20,39,20,18,24,29,18,18,27,15,42,0,23,34,61,18,39,3,0,0,51,26,11,15,15,15,0,25,31,0,0,41,20,0,39,17,0,45,0,0,66,18,18,36,0,31,40,24,0,41,21,56,0,33,0,31,31,28,31,52,0,26,0,23,17,40,40,0,13,0,0,37,51,42,52,64,9,22,0,31,0,9,13,65,57,20,12,12,49,0,24,34,67,2,49,45,48
2017-07-09,0,0,0,0,0,38,37,19,39,19,17,24,68,27,36,26,11,64,69,0,86,39,12,31,5,0,3,50,33,0,0,0,15,15,18,46,0,50,30,29,32,42,17,0,39,71,0,59,18,18,27,0,30,0,0,24,30,20,22,0,0,0,31,30,38,0,46,28,52,25,26,17,40,40,0,13,0,46,73,60,21,31,32,25,0,18,18,22,0,9,52,99,20,12,0,42,16,16,0,33,3,55,78,63
2017-07-16,0,33,0,0,38,0,38,29,32,32,18,0,78,36,27,62,0,38,69,0,30,50,12,39,3,3,3,48,71,11,30,0,15,0,0,28,0,0,27,19,19,21,17,0,34,49,0,49,18,18,36,37,30,39,24,48,47,0,33,0,33,0,41,0,55,15,77,29,39,0,52,17,41,0,0,38,0,0,46,35,21,21,46,9,17,18,27,22,0,13,56,44,32,12,16,32,16,32,34,0,1,64,65,36
2017-07-23,0,33,0,32,37,37,0,28,25,38,17,59,38,0,43,17,17,37,34,23,59,49,17,72,3,0,0,52,47,11,37,15,15,22,18,18,0,0,100,25,13,54,33,33,55,23,23,53,18,0,35,35,0,0,71,24,26,20,43,16,40,0,30,0,32,15,56,0,50,25,17,17,59,0,12,31,91,45,32,32,34,61,51,8,0,0,18,22,0,13,49,59,23,0,12,47,0,21,65,33,2,55,61,46
2017-07-30,0,0,0,33,0,0,36,57,38,56,17,92,65,34,17,34,22,44,22,23,52,29,11,49,0,0,0,38,40,16,36,14,15,0,35,18,20,20,39,19,17,50,16,16,49,23,23,47,0,0,17,0,29,0,46,47,49,20,69,16,24,24,50,0,48,15,67,27,0,0,33,33,0,39,36,49,45,45,36,27,20,27,31,8,8,18,41,36,0,11,40,46,23,12,23,52,0,31,0,32,1,60,48,45
2017-08-06,32,0,0,32,36,36,0,19,18,56,25,70,37,17,25,17,14,47,22,0,64,57,22,52,3,0,3,46,46,0,14,0,28,0,41,26,0,19,52,18,12,41,0,16,53,23,0,47,17,26,17,0,29,38,0,46,58,39,47,0,47,24,30,30,52,22,59,0,25,0,60,25,38,0,12,54,0,0,62,35,60,40,80,8,0,17,23,21,0,42,36,54,34,11,12,46,0,20,63,32,1,60,58,38
2017-08-13,32,32,32,32,36,0,0,25,19,38,17,46,19,17,17,26,33,50,33,0,32,29,11,56,6,0,3,44,32,0,22,0,14,0,0,36,20,20,33,37,25,37,0,0,49,47,23,31,18,17,23,0,29,38,23,23,39,0,37,0,32,48,45,0,48,0,55,28,50,25,59,0,39,0,0,18,44,0,67,31,20,47,45,17,8,18,44,43,8,13,68,50,23,12,12,54,0,21,32,0,3,58,56,34
2017-08-20,0,0,0,64,0,36,0,19,25,0,33,23,37,17,17,23,11,40,44,22,25,29,17,37,6,0,3,73,71,11,29,0,21,0,35,44,0,19,29,37,18,33,0,0,37,23,0,41,0,17,40,34,58,37,0,34,32,29,26,0,24,0,30,0,21,15,22,27,49,0,33,25,38,0,12,24,44,0,40,31,20,20,58,17,0,0,17,21,8,34,36,31,31,0,11,26,0,15,0,32,1,64,71,38
2017-08-27,0,0,32,32,0,0,0,31,44,25,50,46,56,34,17,25,11,44,22,0,58,38,17,59,6,3,3,41,54,11,14,0,22,14,18,27,20,29,49,47,12,33,16,0,65,69,0,57,17,17,26,0,0,0,23,35,32,19,48,0,26,0,60,0,47,22,25,0,49,25,33,17,0,0,0,43,45,0,44,27,20,67,39,0,8,17,26,22,0,13,42,77,35,0,0,31,23,15,0,48,1,58,67,57
2017-09-03,32,0,0,32,36,0,0,18,31,18,100,30,55,0,50,17,22,50,22,22,32,44,11,22,6,3,0,45,53,11,29,0,14,0,18,26,0,39,29,18,37,41,16,0,85,45,23,67,17,26,26,0,0,50,23,46,19,0,31,0,16,24,39,0,31,22,39,55,0,25,57,0,0,0,0,30,87,44,62,31,60,39,44,14,12,17,26,42,8,8,47,46,23,11,11,38,0,15,32,0,0,56,79,45
2017-09-10,0,0,31,0,35,0,35,27,36,49,33,68,18,25,17,17,11,50,54,22,38,38,0,49,4,3,0,37,52,10,56,0,0,0,0,23,19,19,39,18,12,28,16,16,55,23,0,66,0,34,51,34,0,37,57,30,38,19,52,0,15,23,29,0,31,15,63,27,48,0,40,16,75,0,24,18,0,44,65,20,0,19,52,12,8,51,17,31,17,8,38,45,0,17,0,50,0,30,0,31,2,60,69,89
2017-09-17,0,0,31,0,70,35,0,28,27,49,25,34,27,0,42,33,11,36,87,22,47,50,11,51,5,3,0,42,53,0,28,0,0,0,17,43,19,19,32,36,12,44,0,0,32,23,0,81,0,17,42,34,28,0,0,45,51,38,47,0,23,0,29,0,39,0,53,27,36,24,41,16,38,76,12,12,0,0,74,26,20,26,44,16,16,17,23,42,8,8,41,49,23,0,11,30,0,0,31,31,2,53,57,89
2017-09-24,31,0,0,0,0,0,0,18,42,18,25,34,36,0,33,17,16,35,29,0,19,44,22,43,6,3,0,55,24,0,21,0,14,14,34,29,19,19,19,27,20,44,0,0,21,22,0,55,17,17,100,33,28,0,0,34,38,19,41,0,47,0,0,0,20,22,43,27,32,24,70,16,0,37,12,29,0,43,91,19,0,29,54,12,8,34,17,31,0,16,41,26,17,15,11,70,15,0,31,47,2,53,65,74
2017-10-01,31,0,31,31,35,0,35,18,42,0,16,22,36,17,25,16,16,32,32,22,81,25,11,47,0,0,3,50,45,0,21,0,0,14,35,26,0,0,25,36,24,36,0,16,73,23,23,91,17,17,17,51,0,37,0,45,29,57,52,0,15,23,0,0,41,15,44,0,48,24,32,0,38,0,12,36,44,0,71,39,20,0,32,16,16,17,28,0,0,8,44,49,11,11,0,60,0,15,0,0,0,64,46,44
2017-10-08,0,0,0,31,0,0,0,18,18,18,33,44,91,0,33,33,11,46,32,0,69,25,11,29,5,0,0,50,24,10,28,0,14,14,17,26,19,19,19,42,12,24,15,16,52,0,22,50,0,17,62,0,0,73,23,37,57,19,21,31,21,23,29,0,46,15,29,0,24,0,27,49,37,0,24,30,0,0,30,32,19,19,73,8,8,17,34,0,0,25,35,41,11,0,0,35,15,20,31,0,3,57,63,44
2017-10-15,0,31,0,62,0,0,35,18,61,42,49,30,63,17,33,17,11,57,43,0,56,50,11,54,5,0,3,42,21,10,42,0,28,0,0,26,0,38,25,48,24,60,0,0,26,45,22,50,17,50,34,34,28,0,22,79,32,0,23,15,15,0,0,0,21,14,53,36,24,24,43,16,0,37,12,35,43,65,43,19,19,19,57,16,0,0,23,21,8,12,27,71,17,0,11,40,0,15,31,0,2,67,67,52
2017-10-22,0,0,0,0,34,35,0,0,18,30,16,22,36,16,24,16,0,45,42,0,43,28,0,53,3,3,0,52,27,0,14,14,14,28,0,17,19,0,37,44,35,31,15,0,52,33,0,55,25,17,28,66,37,0,0,59,31,19,25,0,15,23,0,0,38,0,24,26,24,24,24,48,0,37,12,23,0,0,30,13,29,19,35,8,11,17,25,21,8,24,32,85,22,11,0,74,0,15,0,61,1,64,62,22
2017-10-29,0,31,31,31,35,0,35,24,30,42,33,34,27,0,16,25,11,56,21,36,50,68,11,57,0,6,3,52,21,10,27,0,21,14,17,23,0,19,38,42,12,51,31,47,67,0,22,35,0,17,50,33,0,72,0,67,37,38,51,0,23,23,29,0,41,21,38,27,24,24,32,32,37,37,0,29,0,43,30,34,19,29,46,8,19,17,28,28,8,12,35,67,30,0,0,35,0,45,31,31,1,60,48,22
2017-11-05,0,0,30,0,34,0,0,35,29,23,16,33,43,24,32,43,15,24,21,21,54,54,0,35,3,3,0,58,20,10,34,0,27,20,17,41,0,37,28,17,23,62,30,15,45,22,0,39,16,48,38,0,0,36,0,72,37,0,67,0,15,0,56,0,30,14,42,26,23,23,31,16,0,0,0,23,0,42,42,19,19,19,44,8,8,33,33,30,8,21,42,58,40,22,0,43,15,48,60,60,2,59,57,54
2017-11-12,0,0,30,0,34,0,33,17,52,52,31,21,26,16,16,16,20,57,28,21,78,24,15,66,3,5,3,43,27,0,27,13,13,0,33,17,0,36,36,43,17,27,15,0,60,0,0,44,24,16,37,32,27,35,0,50,42,18,44,15,29,0,28,28,29,14,41,26,23,23,38,31,36,0,11,51,0,0,45,12,19,28,34,12,8,0,16,0,0,8,42,39,11,16,0,53,14,29,30,59,1,59,56,56
2017-11-19,0,30,0,30,0,34,0,61,52,44,24,22,52,16,16,16,15,27,21,0,36,60,16,36,3,5,0,36,30,10,74,14,27,14,17,25,0,18,18,26,23,46,15,0,40,22,65,39,0,0,41,32,27,0,22,43,55,18,74,15,37,0,47,0,49,14,42,0,31,70,16,23,36,0,11,46,42,0,33,17,19,25,26,8,8,16,27,40,0,8,37,47,16,11,11,43,14,29,0,30,1,55,61,53
2017-11-26,45,30,60,30,34,0,0,17,17,35,31,32,52,16,37,16,10,31,21,0,45,30,10,59,0,4,0,56,30,0,60,0,27,13,17,33,0,37,27,26,23,34,15,0,20,21,0,44,16,16,43,32,27,0,0,43,48,0,22,0,20,22,28,0,29,0,51,52,35,0,26,0,0,0,0,45,41,41,41,12,19,25,54,8,8,24,33,40,0,10,50,29,22,11,21,67,0,29,30,60,1,59,56,42
2017-12-03,30,60,0,30,0,0,0,35,29,35,16,22,35,0,48,16,20,57,31,0,54,36,10,45,8,8,3,38,30,10,34,27,27,0,17,17,18,0,18,47,0,58,30,15,56,22,22,34,0,27,38,33,55,71,0,36,55,18,45,15,30,0,28,0,30,14,47,0,0,47,42,16,0,36,11,17,0,0,42,17,19,28,31,16,12,16,33,27,8,8,24,54,27,0,11,29,22,14,30,0,0,55,55,36
2017-12-10,0,0,0,30,0,34,34,29,29,44,0,22,53,0,16,16,0,52,0,0,36,36,10,53,0,6,0,28,34,20,34,0,14,0,17,17,0,0,0,35,23,47,15,23,25,0,0,34,0,16,49,0,0,35,0,29,37,18,52,15,30,0,28,0,40,14,56,0,23,0,31,16,0,0,0,17,0,42,55,17,19,19,55,12,0,16,17,31,8,0,48,47,33,11,11,39,0,0,60,45,3,54,59,65
2017-12-17,31,31,31,0,36,0,35,36,100,30,41,22,73,17,22,34,11,48,22,22,25,56,11,47,3,7,0,34,46,10,28,0,42,0,29,23,0,0,19,18,36,40,31,0,37,0,34,41,17,0,51,34,0,0,0,30,38,0,26,0,23,24,58,29,26,15,44,27,0,72,32,24,0,0,0,54,43,43,39,20,0,19,41,16,12,17,26,21,8,0,25,45,26,11,11,65,30,30,0,62,1,46,55,45
2017-12-24,0,33,33,33,0,37,0,19,52,39,26,24,0,18,18,18,19,45,46,0,60,40,23,66,3,59,3,28,34,0,75,15,15,0,19,37,0,0,41,39,13,30,17,51,28,0,48,54,36,18,36,0,0,39,0,72,20,20,61,17,33,0,46,0,44,31,23,29,52,0,40,0,0,80,0,25,70,46,32,28,21,31,43,9,9,18,36,22,0,9,20,28,42,12,12,48,16,16,0,33,1,43,29,24
2017-12-31,32,0,31,0,35,35,35,37,49,37,16,45,46,17,100,0,11,75,51,0,57,50,29,55,3,77,3,37,25,0,49,0,14,0,0,35,0,0,29,61,12,48,16,16,26,23,56,66,0,0,40,45,29,0,0,34,51,19,78,16,47,0,29,0,36,22,22,0,24,24,49,16,0,38,0,48,44,0,44,26,20,20,52,12,8,17,43,42,12,12,36,91,19,23,0,40,30,40,0,0,2,52,68,45
2018-01-07,0,0,29,0,50,33,44,17,34,40,0,21,26,15,31,15,13,50,20,20,36,71,10,55,0,38,6,47,30,20,27,0,13,0,0,33,0,18,54,34,28,23,15,0,35,21,0,53,16,32,48,48,0,0,0,21,54,0,44,0,15,22,28,27,24,27,27,38,23,46,36,31,0,0,0,11,0,0,49,24,0,18,38,15,8,24,38,20,0,8,34,50,26,11,11,47,14,33,29,30,2,57,68,21
2018-01-14,44,0,0,29,0,0,33,23,85,26,62,32,34,31,61,23,15,50,61,0,53,82,20,54,3,10,3,49,29,10,26,13,13,13,49,49,18,18,36,40,11,45,15,0,54,0,21,81,32,16,47,0,26,0,21,43,36,18,29,15,36,22,41,0,48,14,45,25,23,23,30,15,71,35,0,28,0,41,81,16,0,18,63,19,23,16,42,29,8,8,39,32,21,11,14,38,0,28,0,39,3,51,43,31
2018-01-21,29,29,29,29,0,33,0,34,42,51,23,28,25,15,15,15,20,26,33,0,64,44,15,50,9,6,0,44,23,10,78,0,13,0,24,0,0,27,18,42,33,56,15,29,44,21,21,42,0,0,39,63,26,51,21,83,17,17,48,14,24,21,54,27,67,13,22,0,23,22,25,15,35,0,11,55,40,0,48,12,18,36,68,7,13,21,39,19,8,19,28,49,17,10,31,42,0,19,29,29,1,53,62,34
2018-01-28,0,0,29,29,33,0,0,34,39,39,23,0,67,15,23,46,15,66,30,20,44,52,10,57,4,3,4,49,29,0,39,13,0,0,0,32,0,36,35,17,19,33,15,0,39,21,21,47,31,16,63,31,26,51,21,42,35,0,91,0,29,0,27,27,29,27,40,0,45,23,23,15,0,35,0,44,40,40,52,0,36,27,48,10,8,32,39,19,0,8,36,56,14,10,10,37,14,28,29,29,1,55,51,21
2018-02-04,29,0,58,44,0,0,33,34,34,17,15,21,59,0,31,15,0,30,20,20,35,41,10,37,3,3,3,61,32,10,26,0,20,0,16,21,0,36,35,51,11,37,15,0,37,21,42,64,16,16,31,31,26,0,21,42,35,26,43,14,24,0,0,27,43,0,49,42,53,34,30,25,52,35,11,44,41,40,52,12,18,27,60,8,8,24,24,20,8,8,43,49,31,0,10,37,0,28,29,0,1,51,57,31
2018-02-11,0,0,0,44,33,0,0,34,26,34,31,21,34,23,23,23,0,30,27,20,26,41,20,44,3,0,3,47,25,10,39,0,13,13,0,57,0,18,27,34,15,26,0,15,39,21,21,38,16,32,37,0,27,0,21,35,36,18,34,15,14,0,0,27,14,14,45,50,23,45,30,15,0,0,0,33,0,41,41,24,31,0,61,8,8,0,53,29,0,12,41,49,32,0,16,35,0,42,29,29,1,51,57,21
2018-02-18,29,29,0,58,0,0,32,51,51,25,30,31,42,0,31,0,20,46,27,20,52,46,10,60,3,3,0,54,42,0,32,0,19,19,16,21,35,0,35,34,19,44,0,0,39,21,21,38,0,39,62,31,0,34,21,21,53,29,33,21,14,22,27,27,24,13,31,37,0,0,25,22,0,0,0,44,40,40,32,24,18,18,38,23,0,16,31,26,0,10,30,59,10,10,10,28,0,21,29,29,1,53,51,31
2018-02-25,0,0,0,29,32,32,32,28,61,42,15,31,66,15,31,23,20,26,26,0,35,29,10,43,4,3,4,24,42,19,45,0,13,0,16,64,17,18,35,25,17,18,0,15,34,21,0,47,16,0,39,0,0,0,21,83,23,17,43,14,43,0,54,0,38,13,62,0,22,0,37,22,0,0,22,60,40,40,48,12,36,27,42,15,7,16,31,19,0,8,38,45,28,10,10,37,14,41,28,28,1,49,41,41
2018-03-04,0,0,0,29,64,0,0,28,50,67,23,21,50,15,15,23,20,52,79,0,34,60,10,40,0,0,0,39,26,14,39,0,19,0,0,48,26,35,35,25,22,44,14,0,62,41,21,51,15,15,31,31,26,0,42,41,35,17,57,21,14,0,40,0,24,20,31,25,33,0,45,22,34,0,0,60,40,0,44,18,27,36,40,11,7,15,16,0,8,11,63,41,10,10,10,64,0,14,28,28,1,50,67,54
2018-03-11,29,29,0,58,0,32,32,17,34,22,30,35,34,0,15,31,20,30,20,0,17,35,10,40,3,0,3,61,45,0,26,26,26,26,16,32,0,18,26,50,22,63,15,15,48,21,0,65,0,16,21,31,26,68,21,0,35,17,14,0,14,0,54,0,36,0,31,25,33,44,22,15,34,0,22,33,80,0,48,16,18,36,45,7,0,16,31,58,8,8,25,45,26,0,10,37,14,28,29,72,1,52,39,61
2018-03-18,29,0,29,29,33,33,33,23,17,25,38,21,50,0,31,15,20,40,20,20,64,23,0,44,3,0,0,51,32,16,52,0,26,0,32,24,18,18,36,34,11,48,15,0,49,21,21,38,31,0,37,0,26,34,21,42,41,18,29,14,29,22,27,0,21,0,67,25,45,0,30,40,0,0,11,55,40,0,44,30,27,30,38,8,7,31,39,19,0,8,36,73,16,10,10,14,0,28,57,29,1,59,62,41
2018-03-25,0,0,0,30,34,0,34,35,62,58,56,65,44,24,16,27,10,48,21,21,54,42,21,66,9,0,3,64,44,0,54,0,0,0,17,17,19,18,46,41,41,35,0,0,50,21,0,58,16,16,16,33,27,70,44,21,55,18,55,15,25,0,28,28,29,14,42,26,47,0,31,16,0,0,11,23,41,0,33,29,0,37,55,16,8,0,41,20,0,12,61,51,18,11,11,43,14,22,30,30,0,47,71,36
2018-04-01,29,0,0,30,33,50,33,23,34,46,31,0,34,32,16,23,25,57,27,0,53,45,10,51,3,0,0,53,36,20,20,0,0,0,16,38,0,18,18,35,15,42,30,0,55,42,0,29,16,0,32,32,27,0,21,64,30,27,49,0,39,0,56,0,54,28,41,26,23,23,36,15,0,36,11,73,0,0,37,21,18,28,46,13,8,24,32,30,0,8,49,60,36,11,16,57,0,38,30,69,2,45,68,35
2018-04-08,29,0,29,29,0,33,33,28,28,17,31,84,34,15,26,21,10,33,71,20,44,52,10,57,4,3,3,64,36,10,33,0,13,0,16,16,0,54,30,34,11,52,0,15,49,42,0,42,16,24,71,32,26,0,21,49,47,18,38,0,14,0,0,27,14,14,45,50,0,23,50,20,35,0,11,33,40,41,53,32,27,18,51,11,15,16,40,33,8,8,64,59,24,10,21,37,28,42,58,58,1,48,72,28
2018-04-15,29,0,29,29,49,33,0,34,34,25,0,21,25,16,21,21,23,56,20,0,29,62,10,47,4,3,3,49,69,0,39,0,33,0,16,33,0,18,18,51,11,41,0,15,44,42,21,62,16,32,42,32,0,0,21,28,41,0,43,0,39,0,36,27,29,14,45,0,38,0,30,25,0,35,0,50,0,41,41,45,18,30,63,13,8,16,16,0,8,23,67,63,11,21,0,42,0,21,29,49,1,42,57,42
2018-04-22,29,29,0,29,55,33,66,17,34,34,23,35,34,46,31,23,10,43,34,0,29,58,20,64,7,0,0,44,62,15,26,13,26,0,24,22,0,36,18,59,15,78,15,0,49,21,0,43,16,16,31,64,26,0,21,21,35,26,39,22,22,22,27,54,86,14,36,25,45,0,60,40,35,0,11,50,81,41,45,32,18,45,68,10,0,21,63,20,0,8,66,56,24,11,11,33,0,28,44,29,2,45,73,55
2018-04-29,30,30,45,40,0,33,34,17,35,23,31,32,52,16,37,16,20,34,48,21,65,42,15,34,4,0,0,43,63,10,20,0,13,0,16,16,18,37,18,40,46,23,25,15,40,21,21,53,16,16,69,48,27,0,75,43,48,36,15,0,44,0,27,0,39,14,64,25,23,0,31,15,35,0,22,34,41,96,54,41,28,31,72,8,8,0,32,20,8,13,76,57,14,21,32,43,14,21,30,0,2,42,56,77
2018-05-06,0,0,0,29,33,0,33,17,43,34,31,42,60,16,16,31,0,30,34,0,65,47,10,31,4,3,6,42,23,20,46,0,13,26,49,0,18,42,27,60,30,19,29,30,45,21,0,48,32,16,74,0,53,34,21,50,42,18,53,0,22,0,37,0,44,18,41,0,34,0,91,23,0,0,0,28,0,41,45,31,19,49,69,15,8,0,21,20,8,8,52,32,48,32,11,52,21,36,30,39,1,44,65,70
2018-05-13,0,0,0,44,33,33,0,17,0,68,15,32,51,0,26,16,15,23,34,20,53,44,20,44,6,0,3,40,46,10,20,0,13,0,16,32,0,27,18,26,11,34,15,0,34,32,21,57,16,16,32,32,0,0,21,42,42,18,19,0,22,22,27,0,53,14,41,25,0,23,76,15,35,0,11,39,40,41,37,24,18,36,58,15,8,0,48,20,8,13,62,35,21,11,32,42,14,14,29,29,1,48,63,76
2018-05-20,0,0,30,30,100,33,0,23,29,43,39,29,69,16,31,16,10,24,41,0,71,65,10,48,6,0,3,55,70,10,60,0,13,0,38,25,0,36,36,34,11,30,15,15,60,64,21,53,0,0,59,0,0,35,0,32,54,18,39,0,39,22,0,28,39,14,46,26,23,23,41,23,36,36,11,45,41,0,49,37,28,49,59,46,15,32,27,40,8,16,76,50,32,11,0,38,0,14,30,30,1,60,84,49
2018-05-27,0,0,30,30,33,0,33,17,29,23,39,50,52,16,63,16,10,37,41,20,53,30,21,76,6,0,3,63,46,15,13,13,27,13,22,25,0,27,0,29,23,30,15,15,75,74,0,34,16,16,27,32,40,0,21,21,36,36,44,15,29,22,27,27,49,14,64,25,23,46,31,23,36,35,23,45,0,0,49,33,19,25,64,0,8,0,38,30,8,12,88,64,18,11,11,43,28,43,29,30,1,45,86,77
2018-06-03,29,0,29,59,33,33,0,26,57,34,0,21,51,21,23,26,20,37,71,20,47,59,10,41,3,3,3,37,56,0,26,13,13,0,16,16,0,18,18,23,23,41,15,15,94,21,21,62,16,16,48,32,0,0,21,21,42,36,44,0,44,22,41,0,58,27,55,0,23,23,35,15,0,0,0,56,41,0,61,37,28,28,71,11,8,16,40,20,0,13,41,53,26,21,14,61,21,33,0,39,1,51,79,56
2018-06-10,0,29,28,29,32,0,0,25,28,25,30,41,91,20,23,30,19,39,59,20,40,29,10,20,4,0,3,56,64,10,39,0,13,0,16,16,17,47,29,61,49,40,0,0,67,41,31,79,0,15,26,0,26,0,21,31,29,26,42,0,24,21,40,0,33,0,53,0,44,0,30,22,34,0,0,22,39,0,36,36,45,36,67,7,19,31,31,58,0,8,68,31,15,10,10,50,14,32,43,85,1,47,58,51
2018-06-17,0,29,58,29,0,0,33,34,26,23,15,21,42,31,15,21,17,53,40,20,29,58,10,41,3,0,0,59,42,10,26,0,26,13,0,24,18,18,27,28,19,41,15,0,44,42,0,52,0,16,26,79,26,68,21,21,59,27,48,14,29,0,0,27,29,0,27,0,45,0,60,15,35,35,0,33,40,0,61,24,27,27,63,15,8,0,32,19,15,8,59,49,24,0,0,61,14,33,44,29,1,44,63,21
2018-06-24,29,29,29,29,66,33,0,34,17,17,23,21,51,16,46,16,20,60,30,20,53,44,10,51,4,3,0,32,52,0,33,39,26,0,22,16,0,27,30,51,45,41,22,0,44,21,31,43,16,0,47,0,27,0,21,35,41,27,48,0,19,22,54,0,43,14,27,25,23,23,56,23,0,35,0,61,0,41,32,41,27,42,66,8,11,0,24,0,8,23,62,56,21,21,21,23,14,28,0,29,1,43,77,35
2018-07-01,0,0,0,59,33,0,33,60,28,40,15,32,76,15,31,16,13,36,20,0,47,35,17,51,4,3,0,47,59,0,46,0,20,26,16,32,0,18,18,17,17,37,0,30,69,21,0,57,0,24,47,0,40,51,32,28,65,24,39,0,36,0,27,27,43,0,41,0,23,23,40,20,0,35,0,17,0,0,32,36,37,24,53,8,11,16,26,98,8,8,54,60,28,11,10,70,14,23,29,29,2,42,65,52
2018-07-08,0,29,0,29,32,0,0,23,39,62,15,21,59,31,15,31,26,63,20,20,35,46,10,47,6,0,0,71,45,0,33,26,20,13,24,16,0,18,44,51,28,22,22,15,78,21,0,61,16,0,42,31,0,34,0,63,35,35,38,0,14,21,40,0,52,13,49,0,23,0,70,30,0,0,11,39,40,40,28,40,18,27,50,11,15,16,16,39,0,11,41,56,28,17,0,33,14,21,58,67,1,47,56,62
2018-07-15,0,0,30,30,34,50,0,17,23,35,31,22,0,32,16,26,17,61,41,0,42,36,10,38,5,3,0,45,47,10,33,13,33,0,25,41,0,18,24,35,15,54,0,15,60,43,0,44,0,16,32,0,27,0,22,29,48,27,39,0,60,0,42,28,49,21,69,51,35,23,62,26,0,0,11,62,83,0,41,33,19,19,65,19,8,0,16,40,0,13,50,54,36,11,11,43,14,36,0,30,1,45,78,64
2018-07-22,30,0,29,30,33,0,33,29,17,57,39,21,43,16,16,16,10,60,41,0,41,59,10,82,3,0,3,57,43,10,20,0,0,27,66,16,18,18,36,23,19,45,15,0,35,21,21,34,0,32,37,0,45,0,0,43,45,27,59,0,29,0,27,84,58,14,50,51,23,46,25,31,0,35,0,39,68,41,31,41,37,37,51,0,8,0,32,20,15,8,49,53,18,21,14,50,14,33,58,30,1,40,62,28
2018-07-29,0,0,0,29,0,0,0,51,25,34,15,21,42,16,47,21,15,83,20,0,41,47,25,44,3,0,3,67,42,10,59,0,20,13,38,40,36,36,30,45,23,45,15,15,64,21,0,24,16,0,26,0,79,0,21,42,65,36,43,0,22,22,27,0,72,14,45,100,0,23,38,15,35,35,0,61,41,41,57,41,18,37,53,8,0,16,32,0,8,10,49,60,14,21,21,61,14,19,29,58,1,44,65,42
2018-08-05,0,0,29,29,33,32,0,34,39,42,38,28,50,15,36,46,10,52,50,0,40,46,20,40,3,0,3,49,39,0,26,13,0,0,16,32,35,35,53,39,28,48,15,15,73,31,21,66,0,0,31,31,0,34,21,42,35,35,36,14,43,21,27,27,43,20,45,25,30,22,37,45,0,35,11,76,40,0,56,32,0,54,58,10,8,16,37,19,30,15,66,31,21,10,10,23,0,21,29,43,3,53,74,20
2018-08-12,0,29,58,39,0,0,33,23,59,40,23,21,34,0,23,16,17,60,31,0,35,35,15,61,5,0,3,49,49,0,33,0,0,0,49,24,0,27,27,34,22,64,29,15,59,32,21,47,0,16,42,31,26,34,21,21,45,18,48,0,34,22,27,55,53,20,36,25,23,0,25,15,35,0,0,44,41,40,37,24,37,27,41,10,8,0,16,26,0,13,72,49,42,10,11,23,0,14,0,58,1,51,67,52
2018-08-19,30,60,60,30,33,34,0,35,58,29,39,43,78,16,16,16,17,41,41,21,48,63,17,55,3,0,3,63,27,20,54,13,13,20,17,33,18,0,18,46,17,50,0,15,30,0,0,44,0,21,32,0,27,53,22,22,36,0,30,30,20,0,28,0,59,14,46,0,0,0,46,15,36,0,0,45,41,83,46,37,38,37,75,12,8,16,24,20,16,16,58,32,25,14,22,48,14,29,30,45,1,49,66,53
2018-08-26,29,29,0,43,32,32,0,34,22,51,30,21,50,0,26,31,20,49,33,0,29,64,0,43,7,3,3,81,61,10,39,26,26,0,32,24,0,24,35,33,28,48,15,14,73,42,0,56,16,16,36,31,27,34,0,21,26,18,43,14,21,21,27,0,48,20,40,0,0,22,45,22,35,35,11,38,0,40,60,42,18,36,80,8,8,16,31,29,0,11,41,42,28,31,24,49,0,28,43,43,2,58,62,41
2018-09-02,29,29,29,29,0,32,32,50,67,45,45,62,33,0,36,15,16,52,46,20,52,40,17,37,3,0,0,53,48,10,39,0,26,0,27,27,0,18,52,100,18,48,22,14,39,0,21,47,15,0,21,41,39,34,21,21,52,17,64,14,14,0,27,27,49,0,27,25,45,0,15,22,0,0,0,22,0,40,40,40,18,27,90,0,0,16,16,19,8,8,86,45,24,10,0,49,14,21,0,0,3,49,66,20
2018-09-09,28,0,0,48,64,32,64,22,42,28,30,41,41,0,0,0,10,32,59,20,40,40,10,66,0,0,0,48,41,0,51,0,13,0,40,16,17,26,17,55,16,37,14,0,33,20,0,32,15,15,31,0,0,0,21,27,40,17,24,14,42,0,26,0,63,13,49,0,33,37,34,22,0,34,11,32,0,79,55,24,27,36,54,11,30,16,62,19,8,11,55,34,24,15,10,50,14,34,28,28,1,45,46,30
2018-09-16,0,29,29,0,32,0,0,17,33,28,15,31,41,0,30,38,10,45,79,0,63,46,10,53,3,0,3,51,35,19,26,13,0,13,40,24,0,18,44,33,22,26,14,14,24,41,31,42,15,15,77,31,26,50,0,41,52,17,42,0,24,21,26,27,56,0,44,25,37,44,25,15,0,34,11,27,0,40,40,24,18,18,55,0,15,0,39,19,7,10,60,69,31,21,0,69,14,28,0,43,1,48,46,47
2018-09-23,0,28,0,0,0,0,32,33,33,28,45,20,41,0,30,0,19,55,59,20,51,43,20,36,7,0,3,38,38,9,51,0,13,13,16,26,17,35,23,38,11,55,0,29,33,30,0,78,31,31,15,31,0,33,31,27,57,17,47,0,33,21,53,26,28,0,22,24,22,22,49,15,34,0,0,32,39,39,28,31,24,44,64,7,11,15,31,19,0,7,45,41,10,0,10,32,14,20,28,28,1,52,57,27
2018-09-30,0,0,0,29,32,32,32,39,33,17,30,21,25,0,15,23,13,62,20,20,40,57,10,30,3,3,0,46,61,10,26,13,0,0,32,24,0,35,61,50,27,37,0,14,62,0,0,37,15,15,31,0,0,0,0,21,40,26,24,14,24,0,53,0,70,0,44,37,22,0,29,20,0,0,16,32,40,40,36,20,27,0,49,7,15,0,31,0,0,7,48,62,21,20,0,41,21,27,43,43,3,44,56,47
2018-10-07,29,29,29,0,65,0,0,56,17,17,46,0,25,15,31,54,15,33,30,20,52,29,10,53,6,0,3,49,39,13,39,0,19,0,16,24,0,0,18,33,33,44,14,15,24,0,0,51,15,15,52,0,0,34,21,21,52,26,64,0,38,21,27,0,38,0,93,0,22,22,30,22,0,34,11,33,0,40,40,24,18,54,62,8,7,0,21,38,11,10,40,55,24,10,10,14,14,27,29,0,1,38,60,20
2018-10-14,0,29,0,29,33,65,33,17,34,51,15,42,67,15,0,15,16,40,50,20,41,35,20,34,6,3,0,44,42,13,79,0,26,26,16,16,0,18,35,42,15,22,15,0,78,42,0,75,16,0,57,31,26,0,0,35,53,26,57,14,24,0,40,0,43,13,49,0,0,0,30,30,0,0,11,38,0,0,56,24,18,36,65,8,8,24,16,29,8,8,61,52,21,21,10,33,14,56,39,29,2,48,59,31
2018-10-21,0,29,0,29,64,0,0,25,22,33,15,21,100,0,30,46,10,39,40,0,57,57,10,60,3,3,3,56,67,19,13,0,19,13,0,27,0,18,26,55,33,66,14,14,58,0,0,47,15,0,54,31,0,34,21,97,52,17,43,28,14,21,27,0,38,0,44,49,22,22,20,15,34,0,22,43,0,0,56,12,18,36,45,0,0,23,23,19,8,15,65,31,21,10,10,32,42,23,0,29,1,44,54,51
2018-10-28,29,0,29,0,32,0,49,17,45,25,23,0,50,15,15,20,25,39,50,30,41,58,10,47,3,0,3,56,52,10,46,13,26,0,0,32,0,18,35,42,17,56,0,15,63,0,0,52,16,16,36,0,26,0,21,63,47,18,43,0,29,0,54,27,24,27,45,25,45,0,30,30,0,0,0,27,0,40,56,42,18,18,45,8,0,16,26,26,8,11,58,56,24,31,10,32,0,21,29,58,1,38,49,21
2018-11-04,28,0,0,28,32,0,32,16,38,16,44,0,49,15,15,30,16,48,33,19,28,45,29,49,3,3,4,50,32,0,25,0,19,0,16,21,17,17,26,49,18,40,0,0,38,30,20,27,23,15,15,30,0,0,27,34,34,17,37,0,35,0,26,52,28,13,61,24,44,0,44,37,34,0,11,21,78,0,63,12,0,23,49,10,7,15,20,19,0,12,62,44,17,0,0,54,14,14,28,84,1,42,59,60
2018-11-11,0,0,29,29,32,0,32,33,17,17,45,21,33,15,15,31,25,55,46,39,40,34,25,47,3,0,0,53,22,10,52,0,19,0,16,32,0,0,35,67,44,29,22,29,36,21,21,61,16,15,46,31,26,34,0,76,64,17,38,0,21,0,80,27,43,13,44,37,22,0,20,25,0,35,0,22,40,40,52,12,18,27,55,0,8,16,21,29,8,8,63,52,16,10,0,46,0,28,58,0,2,42,64,27
2018-11-18,29,58,28,29,0,32,0,25,28,39,15,0,66,15,23,31,24,36,40,20,68,26,10,57,4,6,0,46,32,10,32,13,26,13,16,24,0,18,0,39,0,63,14,0,48,21,0,37,15,16,41,0,0,34,0,42,29,18,28,14,42,22,27,27,35,13,40,25,22,22,35,15,34,0,11,22,0,40,40,12,36,18,37,10,15,16,39,45,15,8,38,28,10,10,10,37,14,21,0,29,2,33,60,41
2018-11-25,28,0,28,28,0,0,0,16,16,22,30,20,66,0,30,37,14,41,26,19,62,42,0,49,3,10,3,66,25,9,57,13,32,13,16,23,0,26,17,22,11,43,0,0,71,50,60,46,23,30,23,30,26,0,0,27,68,34,28,0,23,0,52,0,42,13,70,0,22,0,24,22,0,0,0,21,39,39,39,23,23,35,61,7,7,15,15,25,0,15,57,71,27,10,0,40,0,20,42,28,0,46,53,33
2018-12-02,0,0,29,29,32,0,0,17,33,44,23,21,58,15,31,30,20,55,30,29,40,17,20,60,6,7,3,46,29,10,32,0,13,13,16,32,0,0,35,39,37,48,0,0,77,0,20,56,15,0,39,46,26,0,0,42,60,17,43,14,24,0,26,0,64,13,86,0,44,0,34,15,35,0,0,60,0,40,44,12,30,18,54,0,7,16,31,38,0,11,45,38,31,21,15,41,0,55,0,28,1,42,65,27
2018-12-09,0,57,58,0,32,0,0,34,45,34,15,28,50,0,15,15,20,39,20,40,43,35,10,33,3,10,3,68,39,19,39,13,13,13,0,16,0,18,18,59,17,30,22,15,63,21,31,51,15,0,26,46,26,0,21,42,61,53,43,14,29,0,27,0,33,0,36,0,44,22,25,15,34,0,0,33,40,53,40,24,18,24,65,7,8,16,21,19,8,15,43,48,21,10,31,42,0,14,29,57,1,46,46,48
2018-12-16,30,0,0,59,0,0,0,35,29,46,16,0,17,16,0,24,10,47,21,21,71,18,10,41,6,5,0,58,17,0,33,0,13,0,17,33,0,0,54,52,11,42,15,0,60,21,21,24,32,32,40,32,27,0,0,64,42,27,44,0,20,0,28,28,59,14,51,26,23,0,31,0,0,36,11,39,0,0,62,12,19,37,39,12,12,16,24,60,0,16,39,64,18,11,11,62,14,21,44,59,4,40,38,21
2018-12-23,0,0,32,64,0,0,0,19,44,28,34,23,19,0,17,26,16,69,30,0,77,39,17,67,0,40,0,41,22,11,72,14,22,0,18,30,0,20,20,56,12,45,0,0,65,23,70,57,0,17,58,35,0,0,0,47,39,0,80,0,16,24,0,30,37,0,35,0,25,0,17,0,38,77,0,49,44,45,34,18,0,20,67,13,0,18,0,36,0,17,25,29,31,0,17,72,47,31,80,0,1,33,41,34
2018-12-30,46,31,46,46,69,69,0,18,54,42,0,0,53,16,33,33,42,70,64,0,43,43,0,46,3,100,0,68,31,0,48,14,41,0,17,40,0,19,19,60,12,83,15,15,57,22,22,55,17,17,58,33,0,36,0,30,56,19,46,15,38,23,28,28,35,14,38,27,24,24,48,16,0,0,12,52,43,43,56,30,19,19,72,8,8,17,22,34,8,24,30,41,17,11,11,25,22,15,61,46,2,44,83,44
2019-01-06,29,0,0,38,32,0,0,34,67,34,38,21,42,0,15,23,39,46,50,20,35,52,15,57,3,39,3,100,29,10,45,0,13,13,16,48,18,0,29,44,22,85,14,0,34,21,41,61,16,16,62,31,39,34,0,31,79,26,52,29,29,22,27,27,38,0,71,0,37,0,37,30,35,52,0,11,40,0,48,12,0,18,45,7,22,16,31,29,0,8,45,66,31,0,26,55,14,18,0,43,1,43,64,21
2019-01-13,0,0,29,57,32,32,32,50,50,22,30,41,25,30,30,30,10,58,33,0,77,17,15,63,3,9,3,62,41,0,38,0,13,25,26,47,0,17,17,82,33,51,0,14,43,20,0,28,0,15,46,31,0,0,21,31,95,35,61,14,33,42,26,0,37,20,35,25,29,37,39,22,34,34,11,48,39,39,47,12,18,44,69,18,7,0,23,38,7,19,35,61,31,10,10,68,0,18,0,47,1,49,36,27
2019-01-20,0,0,0,42,31,0,0,32,27,90,29,20,16,15,44,15,22,60,38,29,50,50,15,64,6,6,0,75,19,9,25,0,19,0,15,38,0,17,51,38,21,36,0,21,93,20,0,27,22,30,30,30,0,33,40,40,34,17,27,14,37,0,39,51,46,13,47,0,22,0,43,24,50,33,11,31,39,39,66,15,52,26,63,14,15,15,45,43,0,7,49,63,20,0,10,31,0,20,55,41,2,42,56,0
2019-01-27,28,28,56,42,32,0,32,25,27,24,22,30,16,0,22,30,25,57,45,0,39,51,10,16,3,3,0,59,41,0,38,0,0,0,16,39,0,17,43,27,32,57,14,14,49,60,0,36,30,30,61,61,25,32,0,27,34,0,51,14,28,0,0,26,41,26,43,48,22,22,39,24,34,34,0,26,0,0,47,12,0,44,53,7,7,0,30,44,7,15,39,61,15,10,15,45,0,27,0,42,2,42,41,20
2019-02-03,0,28,28,28,0,0,31,32,32,24,15,0,32,0,0,30,16,51,19,19,50,67,15,55,0,3,0,68,28,9,37,0,25,0,41,52,0,34,26,59,11,36,14,14,33,40,0,45,15,15,30,30,25,0,20,20,62,25,18,14,28,0,26,0,28,26,30,24,22,22,14,14,100,67,0,37,0,58,93,17,17,17,60,14,7,0,15,37,7,11,39,47,30,10,10,27,13,13,42,0,2,42,45,30
2019-02-10,0,0,28,28,47,31,31,22,54,27,44,40,16,0,37,15,19,16,26,19,22,67,10,35,5,6,0,54,25,0,43,13,12,12,15,21,0,34,17,54,21,28,14,14,70,0,0,45,15,0,40,30,25,33,20,40,34,25,41,0,32,0,39,26,37,13,47,0,21,21,24,43,33,33,0,37,39,0,42,17,0,35,53,10,10,15,25,31,7,7,27,43,25,0,20,36,13,20,28,55,1,47,69,29
2019-02-17,28,0,0,83,0,31,31,16,43,32,15,20,16,15,15,15,33,44,39,19,56,50,10,39,0,0,3,66,34,0,43,12,19,12,23,67,0,34,26,40,11,53,21,28,51,30,20,54,0,15,37,0,25,33,0,40,68,17,28,14,41,28,34,0,32,19,56,48,22,22,24,29,0,33,10,31,39,0,54,23,26,29,41,17,0,0,15,47,0,15,29,60,20,10,10,45,13,22,0,56,2,39,54,39
2019-02-24,41,0,0,27,31,31,0,48,40,63,29,33,32,15,24,19,19,44,25,0,55,33,9,64,3,3,0,51,21,9,25,0,12,0,23,35,0,17,50,16,21,60,14,0,83,20,20,36,15,15,44,0,25,32,20,40,100,17,59,0,27,0,25,0,27,0,68,0,21,21,47,14,66,0,0,31,0,0,34,17,23,28,32,7,7,30,40,37,0,7,36,62,15,13,10,31,26,26,27,0,2,48,65,59
2019-03-03,0,0,0,56,63,0,0,25,44,16,22,20,49,0,35,30,13,45,26,58,62,34,10,49,4,0,3,69,31,9,32,13,19,13,23,47,17,34,40,33,22,40,14,14,57,20,20,68,15,15,30,30,26,0,20,30,51,17,32,28,14,0,39,0,28,20,57,0,0,22,24,36,34,34,11,43,78,0,43,18,18,53,49,0,0,0,41,19,7,26,59,84,20,20,30,45,14,20,0,37,2,44,55,20
2019-03-10,28,28,28,0,0,32,32,33,24,16,0,27,49,15,15,30,14,38,45,19,45,39,10,42,4,3,0,50,38,9,19,13,13,13,21,39,0,17,17,43,16,54,14,28,38,40,0,36,15,0,25,0,25,33,41,61,43,51,42,14,14,21,0,26,37,13,52,24,0,0,34,36,34,0,11,42,39,39,39,23,0,0,49,15,11,15,23,0,0,11,42,57,24,0,10,18,14,0,0,28,2,35,57,27
2019-03-17,0,28,28,28,32,32,32,44,33,44,15,20,41,30,15,22,29,48,33,20,23,34,20,42,3,3,0,38,28,0,32,13,13,0,21,31,0,26,26,22,22,43,14,0,95,40,20,59,15,15,41,31,51,0,20,48,46,17,28,14,14,21,0,39,46,20,35,0,22,22,44,22,0,34,0,48,0,39,59,27,18,18,61,18,0,0,31,28,0,15,57,44,17,14,20,23,0,34,28,28,1,39,57,33
2019-03-24,0,28,0,42,32,32,32,58,33,83,15,61,32,15,30,15,10,29,98,20,40,28,20,46,3,3,0,50,54,14,25,13,13,13,23,31,0,35,29,57,16,54,14,14,33,31,20,34,15,0,46,0,77,33,20,34,80,29,28,0,23,21,26,26,65,20,35,24,22,0,29,29,0,34,11,27,39,0,47,24,35,18,37,7,7,15,20,32,0,11,45,61,20,10,10,50,0,54,28,56,1,48,76,60
2019-03-31,29,0,28,47,0,32,32,83,75,50,30,51,33,0,23,23,29,36,33,20,46,34,15,56,9,0,0,63,38,10,19,13,38,19,0,32,0,17,26,50,15,22,14,0,43,20,0,60,0,15,56,31,26,34,21,21,60,35,28,0,0,21,26,0,49,13,53,24,0,22,74,15,34,0,11,22,39,0,40,36,36,18,57,7,11,15,54,38,7,19,100,41,14,15,10,46,14,14,38,71,2,39,59,88
2019-04-07,57,28,28,38,63,0,0,33,61,41,45,0,25,15,75,15,10,51,39,0,62,26,13,36,3,0,0,55,19,9,25,13,13,0,26,47,0,35,35,57,18,54,21,14,33,0,0,64,15,23,36,0,0,0,0,21,40,17,56,0,28,0,0,0,33,0,44,25,33,22,29,29,34,34,11,70,0,39,51,18,27,24,52,10,0,0,15,32,0,7,47,61,14,20,10,45,14,14,28,57,3,36,65,80
2019-04-14,30,30,30,59,0,33,0,40,34,29,39,32,51,26,24,16,27,47,51,20,83,24,10,48,6,0,3,70,66,10,33,0,13,20,16,44,0,36,18,60,17,72,30,0,60,42,42,86,0,0,24,0,27,35,21,32,72,18,15,15,19,0,37,0,73,21,46,25,34,34,25,15,35,35,0,62,41,41,57,33,19,18,79,8,15,0,40,0,0,10,67,64,21,21,32,24,14,14,59,29,1,40,83,28
2019-04-21,0,29,0,44,0,33,0,45,23,45,69,42,84,0,31,15,23,63,0,40,29,47,10,30,6,0,3,59,68,0,26,0,13,26,16,27,0,30,71,39,22,67,15,15,54,42,0,57,0,16,26,63,0,34,21,21,83,18,67,0,29,22,0,0,91,0,63,25,34,23,50,30,0,35,0,61,0,81,69,24,30,27,98,19,0,0,26,20,10,8,64,70,28,21,17,51,28,14,29,29,2,40,100,69
2019-04-28,29,0,57,29,32,32,32,25,33,39,90,51,58,15,46,20,10,49,59,40,86,57,0,36,5,3,3,85,64,19,26,0,39,0,26,24,0,26,70,44,11,66,14,14,58,51,21,70,0,15,41,31,26,0,21,41,69,29,66,14,43,0,0,0,52,0,66,0,22,0,30,30,34,34,11,33,79,79,63,28,24,44,97,7,0,15,23,57,0,8,50,79,26,10,10,46,14,23,57,38,2,45,61,41
2019-05-05,28,57,56,47,0,32,0,49,27,58,45,34,33,15,15,20,14,71,39,0,45,34,16,75,6,3,0,62,57,9,38,25,13,0,16,31,0,17,23,55,11,51,14,14,38,40,20,73,15,30,23,31,0,66,0,61,40,34,42,14,28,21,44,0,51,20,39,0,22,22,49,29,68,34,22,32,39,0,47,23,36,35,93,18,7,15,26,32,7,22,64,58,20,20,10,50,14,32,56,56,1,46,68,74
2019-05-12,28,0,56,57,0,0,0,22,33,72,22,34,25,0,45,15,19,42,59,20,34,51,15,33,4,0,6,53,79,0,26,13,19,0,16,0,17,35,17,33,0,91,29,0,57,0,0,55,0,15,38,30,0,33,41,48,46,0,70,14,49,0,53,26,37,20,44,0,55,22,44,44,34,34,0,38,0,0,35,20,53,18,91,0,15,15,46,57,0,0,57,41,31,10,20,36,14,34,0,28,1,37,71,74
2019-05-19,0,0,28,47,48,0,0,66,33,55,44,20,25,30,15,15,22,35,52,20,51,23,10,46,0,3,3,69,54,9,25,0,25,0,31,21,0,35,52,44,14,80,14,0,47,20,0,32,15,15,46,0,34,0,20,20,63,29,37,14,14,0,53,0,51,0,79,24,33,22,15,15,0,0,0,59,39,39,39,27,0,53,88,11,7,15,31,38,11,19,57,51,17,25,15,41,14,14,28,0,1,39,68,50
2019-05-26,28,28,28,0,0,31,32,54,16,44,59,34,49,0,30,35,19,60,58,39,56,67,13,55,3,0,3,73,69,0,44,0,19,0,16,23,0,17,17,54,14,47,0,14,33,40,0,36,15,15,25,60,26,33,41,20,85,26,69,14,32,42,39,26,56,13,35,0,44,22,29,58,34,0,11,43,0,39,74,16,0,17,85,7,7,15,31,38,7,20,54,47,27,15,15,49,0,27,0,37,1,37,79,100
2019-06-02,0,0,0,46,0,31,31,16,54,38,29,0,40,20,20,34,9,54,45,19,67,33,0,19,4,0,0,85,31,0,31,0,37,0,31,36,0,34,25,59,27,61,0,28,19,20,20,63,0,15,60,30,25,0,30,33,45,25,46,0,46,0,26,0,37,13,30,0,43,22,19,36,0,33,11,100,39,39,31,19,35,23,51,7,11,15,30,19,7,19,56,73,37,30,10,40,13,20,28,28,1,39,88,49
2019-06-09,28,41,41,28,31,31,46,32,43,43,57,40,63,15,29,29,23,28,29,0,44,61,14,29,6,0,0,63,53,14,56,0,12,0,15,39,0,17,17,59,16,67,14,14,60,50,0,49,0,30,50,0,0,0,20,20,56,34,59,0,23,31,51,26,50,0,39,24,22,36,24,21,33,0,11,47,51,39,69,38,0,34,74,10,14,15,25,25,11,10,78,63,13,10,10,46,13,20,0,41,2,36,65,98
2019-06-16,28,0,57,28,32,0,32,25,28,33,30,41,25,15,30,25,0,77,65,0,68,51,0,49,0,0,0,86,54,0,38,0,13,13,31,31,17,17,17,49,29,47,14,0,33,61,20,28,23,38,41,0,26,0,0,20,57,26,47,14,28,21,26,0,42,22,44,24,22,33,15,15,0,34,0,59,0,0,75,41,18,29,84,11,15,15,31,28,7,11,50,71,20,10,10,68,14,14,56,28,4,48,59,67
2019-06-23,28,28,28,56,31,63,0,16,22,33,29,0,40,15,37,22,16,57,78,0,56,45,19,32,3,0,0,57,38,9,69,13,13,0,16,54,0,17,46,49,14,68,14,0,47,41,0,100,15,15,23,31,25,0,0,47,40,26,28,14,21,0,26,0,32,19,56,49,0,0,44,29,0,33,0,42,39,78,39,43,18,23,78,11,7,30,15,37,10,0,66,71,40,17,20,40,14,18,0,28,1,40,58,40
2019-06-30,28,28,42,42,32,63,0,33,33,33,52,20,41,0,30,55,13,51,39,20,68,45,10,79,4,3,3,62,28,9,25,25,19,0,16,47,0,35,26,49,14,47,0,14,33,41,0,64,15,76,53,30,26,33,31,31,46,17,37,0,28,21,39,0,23,26,31,24,44,0,44,15,0,0,0,54,59,52,67,35,0,35,69,11,15,15,23,0,11,15,47,54,31,10,10,27,27,41,0,85,2,40,57,27
2019-07-07,28,0,28,28,31,31,32,44,22,44,44,0,49,15,30,25,29,54,29,0,56,34,20,65,7,3,0,100,38,0,13,13,13,13,23,26,0,40,34,60,29,40,0,14,35,40,20,46,15,15,35,30,0,99,41,81,74,26,51,14,23,21,26,39,60,13,74,0,44,22,29,37,0,0,11,53,39,39,66,66,18,26,46,15,7,0,26,19,0,19,54,51,17,10,15,32,13,27,28,56,3,41,89,27
2019-07-14,29,29,28,57,48,0,0,55,44,58,0,34,74,25,30,15,19,52,46,20,62,34,20,56,4,0,3,46,51,10,19,0,13,0,26,42,17,0,26,99,16,58,14,0,52,20,0,37,0,15,20,31,26,33,21,68,34,17,37,14,28,21,26,27,51,13,61,24,44,22,29,22,0,34,11,49,40,40,51,28,30,18,66,17,15,16,23,38,15,11,62,65,10,15,26,32,14,27,57,85,1,44,53,20
2019-07-21,29,0,0,43,0,0,0,34,34,51,15,21,34,26,16,31,10,63,34,0,47,70,20,77,3,0,0,66,42,0,20,0,20,13,32,32,0,18,36,76,22,34,0,14,78,41,0,61,0,31,37,0,0,0,0,63,41,18,53,14,36,22,27,0,36,18,54,25,23,0,23,30,0,35,11,61,0,0,77,36,30,30,66,15,0,31,21,26,8,8,43,66,28,10,10,51,21,28,29,39,2,38,66,21
2019-07-28,0,0,29,43,0,0,0,51,34,23,23,21,84,46,31,23,20,59,60,20,23,41,10,57,3,0,3,66,49,10,58,0,26,0,40,24,18,18,24,62,33,52,19,15,39,0,21,47,16,16,26,0,78,0,21,49,97,18,62,0,19,0,54,27,36,22,67,0,45,22,40,15,0,35,22,33,40,0,68,44,54,27,88,8,0,24,47,19,11,8,33,31,31,10,14,63,14,0,29,39,1,44,62,31
2019-08-04,29,29,0,29,33,33,32,42,23,28,30,63,17,15,23,15,23,66,47,20,29,35,10,47,4,0,0,81,29,0,19,13,13,0,16,24,0,18,35,39,22,37,19,14,44,52,21,85,23,47,47,62,0,34,21,83,41,18,57,14,14,0,54,0,43,27,40,25,22,45,30,30,35,0,0,49,0,41,72,56,30,18,83,8,8,0,32,45,8,15,66,63,24,14,21,74,0,33,0,58,1,42,56,41
2019-08-11,0,0,29,38,0,0,0,66,50,50,37,21,58,20,23,23,19,78,59,20,85,34,15,56,6,0,0,55,38,10,51,0,38,0,16,24,0,26,35,61,18,55,14,14,72,20,0,37,15,31,72,0,26,33,0,41,46,17,23,0,38,21,53,0,42,0,40,33,51,0,20,15,34,0,11,27,0,39,75,39,24,62,91,15,15,31,36,19,0,7,45,61,31,10,31,68,0,23,28,28,1,39,61,40
2019-08-18,28,0,28,56,32,0,0,44,33,44,45,30,97,37,15,30,10,38,52,20,85,68,10,52,3,0,0,69,54,0,13,0,13,0,31,31,17,17,17,49,16,79,14,14,43,40,20,37,15,15,46,0,26,100,20,27,51,34,93,14,42,21,26,0,42,20,39,0,22,22,29,29,33,0,0,43,52,59,98,70,17,26,78,12,7,15,31,25,7,15,67,47,24,17,17,45,14,18,0,42,2,44,61,60
2019-08-25,28,0,28,28,47,0,31,21,54,40,29,40,32,15,15,24,16,72,38,0,50,50,19,38,6,0,3,68,34,9,31,12,0,0,36,15,17,28,42,86,18,67,14,14,51,59,0,58,30,15,50,0,100,32,20,50,34,34,23,0,34,21,43,0,36,13,64,24,43,21,36,36,66,0,0,42,77,58,65,29,17,17,81,10,14,15,40,25,7,15,65,50,10,20,10,58,20,13,28,0,1,51,69,33
2019-09-01,27,27,54,68,31,0,30,47,16,24,36,20,47,22,36,15,22,43,44,0,49,38,19,50,4,0,3,71,55,9,37,12,12,0,15,35,0,17,28,58,21,70,14,0,55,0,0,70,15,15,66,0,25,0,0,59,33,25,36,0,36,0,34,0,45,13,42,46,21,0,42,14,33,33,21,41,38,0,72,23,43,25,66,12,14,0,30,24,7,7,55,39,33,10,15,17,13,26,27,27,2,36,75,58
2019-09-08,27,0,27,27,30,61,0,39,42,58,50,26,39,14,19,14,37,49,50,0,70,59,9,56,7,0,3,55,36,9,42,0,0,12,15,50,16,17,33,31,16,55,18,14,72,0,0,53,14,14,24,29,25,32,29,32,27,25,36,0,18,30,33,0,44,0,21,31,21,21,28,28,32,0,10,26,0,0,41,37,23,34,77,14,7,0,22,18,7,11,38,58,13,19,29,56,17,13,27,27,1,43,69,0
2019-09-15,27,27,27,36,0,30,0,39,16,47,64,0,55,29,14,36,27,40,25,28,38,43,9,31,10,0,3,66,30,9,30,0,12,12,37,35,0,16,38,78,14,69,0,0,41,38,0,48,0,14,48,29,37,31,19,26,38,16,44,13,18,20,42,0,66,31,29,47,21,0,70,14,0,0,0,20,38,38,34,37,25,17,70,7,7,0,15,45,7,18,38,55,15,19,19,47,19,13,40,27,2,40,69,25
2019-09-22,0,0,0,40,30,90,0,52,21,26,28,19,46,14,21,14,15,60,46,0,48,43,9,28,8,3,5,67,56,9,54,0,24,12,25,34,16,16,16,46,15,48,13,13,58,0,0,43,14,14,29,29,0,42,19,19,48,24,53,0,20,20,49,0,33,25,66,23,21,21,32,23,0,0,10,65,37,37,52,33,0,17,62,7,7,0,39,18,0,14,47,48,22,10,22,38,13,26,79,35,1,40,63,44
2019-09-29,27,27,0,53,30,0,30,47,39,39,56,19,31,14,28,24,12,58,46,19,48,48,12,43,3,0,3,41,63,0,30,0,0,0,22,39,0,16,38,78,17,62,20,18,90,19,19,52,29,29,14,0,24,0,19,32,43,24,40,40,22,20,25,0,18,0,37,0,41,0,28,14,32,64,10,30,0,37,33,33,22,34,79,9,10,14,15,18,0,24,80,74,9,13,22,39,0,13,27,40,1,47,54,57
2019-10-06,0,27,40,27,30,0,0,21,31,36,14,19,62,28,28,21,14,58,28,0,86,27,0,56,5,0,3,77,33,18,36,0,12,24,25,22,16,16,33,62,15,65,14,0,36,0,0,52,22,14,29,29,24,0,19,19,65,49,53,0,22,0,37,50,26,12,50,31,52,21,28,21,32,0,10,51,0,0,45,28,25,17,100,14,7,15,24,27,14,12,59,45,13,10,19,45,0,13,27,27,2,38,47,38
2019-10-13,26,26,26,40,0,30,0,31,36,39,28,25,31,14,33,14,18,45,64,19,58,40,18,31,4,3,5,74,27,13,30,0,24,12,20,25,0,16,22,41,17,41,13,0,53,48,19,65,14,14,24,43,24,32,58,45,21,16,48,0,20,20,0,25,35,12,33,0,41,21,27,20,0,0,0,65,0,73,77,33,0,0,67,14,7,14,19,30,7,14,65,41,16,24,16,60,0,25,26,66,1,36,41,28
2019-10-20,0,26,0,26,0,30,30,54,36,21,21,38,30,14,14,0,18,39,46,18,53,53,0,34,7,4,0,54,53,0,53,12,12,0,15,22,0,0,41,41,10,68,22,0,40,28,0,43,14,14,38,29,0,31,0,48,75,24,48,13,31,30,49,25,59,18,20,23,34,0,37,0,0,0,10,35,37,36,51,29,22,33,87,14,9,14,14,18,0,21,46,44,13,14,10,42,13,32,26,26,0,40,66,44
2019-10-27,40,0,27,40,30,0,30,51,54,46,14,38,46,14,0,14,36,60,43,18,26,21,9,61,5,0,0,60,33,22,24,0,24,0,29,29,0,22,32,46,0,54,0,13,71,38,0,64,57,14,33,0,24,0,19,67,21,0,39,13,22,20,25,25,17,0,33,0,20,21,23,14,0,0,10,75,0,0,55,26,33,16,53,9,10,14,36,18,7,14,28,70,41,14,16,26,13,19,53,26,2,43,48,44
2019-11-03,0,26,0,26,0,0,29,25,25,31,21,19,38,14,14,21,22,57,55,45,47,42,9,30,3,5,3,75,41,15,29,0,23,12,22,29,16,16,27,30,20,87,13,13,26,19,0,38,28,0,42,0,24,31,19,76,53,0,26,13,39,19,37,49,47,12,53,22,20,0,27,27,0,0,0,59,37,0,51,18,25,22,66,10,0,0,28,26,7,9,44,72,22,19,9,50,0,25,0,44,1,41,48,28
2019-11-10,0,0,26,43,29,29,29,50,23,25,20,19,30,0,21,32,18,35,36,0,67,16,18,45,5,9,3,70,20,0,29,23,47,0,24,29,0,21,16,80,13,76,13,0,48,19,19,59,14,14,14,56,23,30,0,56,58,24,77,13,38,19,24,0,60,12,48,22,30,0,40,20,0,31,20,49,0,0,65,32,16,24,65,13,20,14,19,43,0,10,41,68,31,19,12,50,12,12,26,26,1,46,68,55
2019-11-17,26,26,26,26,29,0,0,20,36,38,41,28,38,21,14,19,13,42,36,0,100,26,9,43,5,4,3,64,32,9,35,12,12,0,15,22,16,16,24,56,20,40,0,13,44,19,19,38,14,14,52,28,24,0,0,38,75,16,48,13,19,20,41,24,39,30,49,23,20,0,27,20,32,31,10,70,0,36,29,36,50,33,71,7,14,0,21,26,7,10,51,60,24,14,19,51,13,19,39,52,3,43,64,43
2019-11-24,0,0,26,39,44,0,29,45,45,61,27,19,60,14,14,18,22,44,18,18,78,47,18,51,3,5,0,42,26,9,93,0,23,0,14,22,16,0,24,65,20,23,26,20,57,19,19,38,21,0,33,28,24,0,19,47,74,24,39,0,30,19,24,0,51,12,28,22,20,0,20,20,0,0,0,49,0,54,54,25,16,32,54,10,7,14,14,35,7,14,41,34,19,14,9,54,13,12,26,39,2,37,47,55
2019-12-01,26,26,0,26,29,29,59,38,25,41,0,19,30,0,21,14,15,42,45,18,68,42,9,39,4,11,0,55,18,13,65,12,24,0,15,15,32,0,24,51,20,57,0,26,35,0,28,59,14,21,47,84,48,31,19,38,64,16,35,13,26,39,37,25,22,24,32,23,51,61,32,20,0,0,10,75,0,0,65,18,16,25,73,7,7,14,21,18,7,14,32,53,16,9,14,42,13,13,26,26,2,41,55,25
2019-12-08,0,27,27,26,30,30,0,36,41,41,28,19,54,0,21,28,9,45,37,37,58,37,9,46,3,4,3,65,36,18,54,0,12,0,0,15,16,24,24,62,17,41,13,0,67,38,0,60,14,14,21,29,0,0,19,38,64,0,33,0,39,0,49,0,22,12,45,23,41,41,37,14,0,0,0,35,37,0,77,11,25,28,53,7,0,14,19,18,7,7,33,45,24,10,13,72,13,13,26,0,1,41,41,19
2019-12-15,0,0,27,53,30,30,0,54,15,62,42,0,31,0,28,21,18,21,18,0,56,21,18,49,4,7,3,52,24,9,42,12,18,0,30,37,0,0,16,46,15,51,14,13,36,19,19,69,19,14,33,58,24,0,38,19,70,16,35,13,13,20,25,0,26,12,29,38,41,20,34,14,32,0,10,40,0,0,52,11,17,58,44,14,7,22,14,18,7,7,42,61,29,0,10,55,13,38,27,0,2,40,38,32
2019-12-22,29,29,0,48,33,0,0,39,85,42,15,0,25,23,31,46,20,43,54,0,46,29,0,47,3,27,0,34,26,0,19,19,26,13,16,27,0,0,35,79,22,45,15,15,49,42,31,66,0,23,42,63,26,0,0,31,65,18,33,14,24,0,40,0,24,34,27,0,23,0,30,30,0,0,11,38,40,40,52,73,18,18,58,13,8,24,21,19,0,8,33,59,17,0,10,60,0,21,44,29,1,34,53,31
2019-12-29,0,28,28,56,31,31,0,73,40,49,36,20,48,0,15,30,19,85,84,19,67,72,19,100,0,96,5,78,44,9,69,0,44,12,26,36,17,28,17,65,25,100,28,14,56,0,40,72,15,15,55,40,25,33,20,33,51,34,51,14,32,21,52,0,46,13,17,0,22,22,48,14,33,34,32,32,39,39,77,41,17,29,94,11,11,15,53,31,7,10,44,57,30,25,10,54,0,40,28,42,2,33,67,40
2020-01-05,25,26,26,76,0,29,29,25,53,40,13,31,0,14,21,20,23,82,53,0,62,39,36,77,4,51,4,70,32,0,23,0,23,11,19,29,0,0,16,75,13,56,13,17,52,0,0,58,21,28,32,83,46,0,25,56,63,16,72,0,19,19,60,24,25,12,52,0,30,40,53,27,46,31,39,53,0,0,100,27,32,32,87,16,20,0,14,26,10,9,41,68,28,9,19,50,12,25,51,77,2,42,54,27
2020-01-12,0,0,25,37,0,27,27,24,29,43,26,0,36,0,26,39,13,67,68,0,34,39,9,40,5,17,2,69,41,17,33,17,11,0,23,18,15,15,20,76,16,60,37,25,50,18,18,76,13,0,27,0,22,0,0,35,65,22,49,12,37,0,46,23,32,23,30,21,38,29,57,38,0,49,9,42,0,51,72,26,15,38,83,13,0,13,13,25,6,11,52,80,24,9,27,39,12,24,25,49,2,43,45,44
2020-01-19,59,59,59,60,0,66,0,69,58,35,31,43,35,32,0,32,27,61,41,82,83,71,0,62,0,12,6,75,60,20,27,27,54,27,44,100,36,36,72,69,23,76,30,0,100,0,43,72,0,32,54,0,0,71,0,43,72,0,88,0,59,0,56,55,74,0,74,0,0,0,31,46,71,71,23,68,0,83,83,0,37,0,88,46,15,0,65,100,16,16,42,100,21,21,21,28,29,86,0,0,3,42,72,42
